"레벨","직업","부위","장비명","획득 보스","확률 설명"
"10","전사","무기","10레벨 토벌자의 장창","초목왕 모루 / 들판의 군주","일일 10%; 주간 25% × 레벨 50%; 직업 20%; 부위 1/9"
"10","전사","투구","10레벨 토벌자의 전투투구","초목왕 모루 / 들판의 군주","일일 10%; 주간 25% × 레벨 50%; 직업 20%; 부위 1/9"
"10","전사","갑옷","10레벨 토벌자의 흉갑","초목왕 모루 / 들판의 군주","일일 10%; 주간 25% × 레벨 50%; 직업 20%; 부위 1/9"
"10","전사","바지","10레벨 토벌자의 판금각반","초목왕 모루 / 들판의 군주","일일 10%; 주간 25% × 레벨 50%; 직업 20%; 부위 1/9"
"10","전사","장갑","10레벨 토벌자의 철장갑","초목왕 모루 / 들판의 군주","일일 10%; 주간 25% × 레벨 50%; 직업 20%; 부위 1/9"
"10","전사","신발","10레벨 토벌자의 전투장화","초목왕 모루 / 들판의 군주","일일 10%; 주간 25% × 레벨 50%; 직업 20%; 부위 1/9"
"10","전사","반지","10레벨 토벌자의 인장반지","초목왕 모루 / 들판의 군주","일일 10%; 주간 25% × 레벨 50%; 직업 20%; 부위 1/9"
"10","전사","귀걸이","10레벨 토벌자의 전공귀걸이","초목왕 모루 / 들판의 군주","일일 10%; 주간 25% × 레벨 50%; 직업 20%; 부위 1/9"
"10","전사","펜던트","10레벨 토벌자의 수호패","초목왕 모루 / 들판의 군주","일일 10%; 주간 25% × 레벨 50%; 직업 20%; 부위 1/9"
"20","전사","무기","20레벨 토벌자의 장창","거목 수호자 / 들판의 군주","일일 10%; 주간 25% × 레벨 50%; 직업 20%; 부위 1/9"
"20","전사","투구","20레벨 토벌자의 전투투구","거목 수호자 / 들판의 군주","일일 10%; 주간 25% × 레벨 50%; 직업 20%; 부위 1/9"
"20","전사","갑옷","20레벨 토벌자의 흉갑","거목 수호자 / 들판의 군주","일일 10%; 주간 25% × 레벨 50%; 직업 20%; 부위 1/9"
"20","전사","바지","20레벨 토벌자의 판금각반","거목 수호자 / 들판의 군주","일일 10%; 주간 25% × 레벨 50%; 직업 20%; 부위 1/9"
"20","전사","장갑","20레벨 토벌자의 철장갑","거목 수호자 / 들판의 군주","일일 10%; 주간 25% × 레벨 50%; 직업 20%; 부위 1/9"
"20","전사","신발","20레벨 토벌자의 전투장화","거목 수호자 / 들판의 군주","일일 10%; 주간 25% × 레벨 50%; 직업 20%; 부위 1/9"
"20","전사","반지","20레벨 토벌자의 인장반지","거목 수호자 / 들판의 군주","일일 10%; 주간 25% × 레벨 50%; 직업 20%; 부위 1/9"
"20","전사","귀걸이","20레벨 토벌자의 전공귀걸이","거목 수호자 / 들판의 군주","일일 10%; 주간 25% × 레벨 50%; 직업 20%; 부위 1/9"
"20","전사","펜던트","20레벨 토벌자의 수호패","거목 수호자 / 들판의 군주","일일 10%; 주간 25% × 레벨 50%; 직업 20%; 부위 1/9"
"30","전사","무기","30레벨 토벌자의 장창","달그림자 루엔 / 월광 사슴왕","일일 10%; 주간 25% × 레벨 50%; 직업 20%; 부위 1/9"
"30","전사","투구","30레벨 토벌자의 전투투구","달그림자 루엔 / 월광 사슴왕","일일 10%; 주간 25% × 레벨 50%; 직업 20%; 부위 1/9"
"30","전사","갑옷","30레벨 토벌자의 흉갑","달그림자 루엔 / 월광 사슴왕","일일 10%; 주간 25% × 레벨 50%; 직업 20%; 부위 1/9"
"30","전사","바지","30레벨 토벌자의 판금각반","달그림자 루엔 / 월광 사슴왕","일일 10%; 주간 25% × 레벨 50%; 직업 20%; 부위 1/9"
"30","전사","장갑","30레벨 토벌자의 철장갑","달그림자 루엔 / 월광 사슴왕","일일 10%; 주간 25% × 레벨 50%; 직업 20%; 부위 1/9"
"30","전사","신발","30레벨 토벌자의 전투장화","달그림자 루엔 / 월광 사슴왕","일일 10%; 주간 25% × 레벨 50%; 직업 20%; 부위 1/9"
"30","전사","반지","30레벨 토벌자의 인장반지","달그림자 루엔 / 월광 사슴왕","일일 10%; 주간 25% × 레벨 50%; 직업 20%; 부위 1/9"
"30","전사","귀걸이","30레벨 토벌자의 전공귀걸이","달그림자 루엔 / 월광 사슴왕","일일 10%; 주간 25% × 레벨 50%; 직업 20%; 부위 1/9"
"30","전사","펜던트","30레벨 토벌자의 수호패","달그림자 루엔 / 월광 사슴왕","일일 10%; 주간 25% × 레벨 50%; 직업 20%; 부위 1/9"
"40","전사","무기","40레벨 토벌자의 장창","고목왕 아르벨 / 월광 사슴왕","일일 10%; 주간 25% × 레벨 50%; 직업 20%; 부위 1/9"
"40","전사","투구","40레벨 토벌자의 전투투구","고목왕 아르벨 / 월광 사슴왕","일일 10%; 주간 25% × 레벨 50%; 직업 20%; 부위 1/9"
"40","전사","갑옷","40레벨 토벌자의 흉갑","고목왕 아르벨 / 월광 사슴왕","일일 10%; 주간 25% × 레벨 50%; 직업 20%; 부위 1/9"
"40","전사","바지","40레벨 토벌자의 판금각반","고목왕 아르벨 / 월광 사슴왕","일일 10%; 주간 25% × 레벨 50%; 직업 20%; 부위 1/9"
"40","전사","장갑","40레벨 토벌자의 철장갑","고목왕 아르벨 / 월광 사슴왕","일일 10%; 주간 25% × 레벨 50%; 직업 20%; 부위 1/9"
"40","전사","신발","40레벨 토벌자의 전투장화","고목왕 아르벨 / 월광 사슴왕","일일 10%; 주간 25% × 레벨 50%; 직업 20%; 부위 1/9"
"40","전사","반지","40레벨 토벌자의 인장반지","고목왕 아르벨 / 월광 사슴왕","일일 10%; 주간 25% × 레벨 50%; 직업 20%; 부위 1/9"
"40","전사","귀걸이","40레벨 토벌자의 전공귀걸이","고목왕 아르벨 / 월광 사슴왕","일일 10%; 주간 25% × 레벨 50%; 직업 20%; 부위 1/9"
"40","전사","펜던트","40레벨 토벌자의 수호패","고목왕 아르벨 / 월광 사슴왕","일일 10%; 주간 25% × 레벨 50%; 직업 20%; 부위 1/9"
"50","전사","무기","50레벨 토벌자의 장창","강철 거인 / 광산왕 크로투스","일일 10%; 주간 25% × 레벨 50%; 직업 20%; 부위 1/9"
"50","전사","투구","50레벨 토벌자의 전투투구","강철 거인 / 광산왕 크로투스","일일 10%; 주간 25% × 레벨 50%; 직업 20%; 부위 1/9"
"50","전사","갑옷","50레벨 토벌자의 흉갑","강철 거인 / 광산왕 크로투스","일일 10%; 주간 25% × 레벨 50%; 직업 20%; 부위 1/9"
"50","전사","바지","50레벨 토벌자의 판금각반","강철 거인 / 광산왕 크로투스","일일 10%; 주간 25% × 레벨 50%; 직업 20%; 부위 1/9"
"50","전사","장갑","50레벨 토벌자의 철장갑","강철 거인 / 광산왕 크로투스","일일 10%; 주간 25% × 레벨 50%; 직업 20%; 부위 1/9"
"50","전사","신발","50레벨 토벌자의 전투장화","강철 거인 / 광산왕 크로투스","일일 10%; 주간 25% × 레벨 50%; 직업 20%; 부위 1/9"
"50","전사","반지","50레벨 토벌자의 인장반지","강철 거인 / 광산왕 크로투스","일일 10%; 주간 25% × 레벨 50%; 직업 20%; 부위 1/9"
"50","전사","귀걸이","50레벨 토벌자의 전공귀걸이","강철 거인 / 광산왕 크로투스","일일 10%; 주간 25% × 레벨 50%; 직업 20%; 부위 1/9"
"50","전사","펜던트","50레벨 토벌자의 수호패","강철 거인 / 광산왕 크로투스","일일 10%; 주간 25% × 레벨 50%; 직업 20%; 부위 1/9"
"60","전사","무기","60레벨 토벌자의 장창","수정 포식자 / 광산왕 크로투스","일일 10%; 주간 25% × 레벨 50%; 직업 20%; 부위 1/9"
"60","전사","투구","60레벨 토벌자의 전투투구","수정 포식자 / 광산왕 크로투스","일일 10%; 주간 25% × 레벨 50%; 직업 20%; 부위 1/9"
"60","전사","갑옷","60레벨 토벌자의 흉갑","수정 포식자 / 광산왕 크로투스","일일 10%; 주간 25% × 레벨 50%; 직업 20%; 부위 1/9"
"60","전사","바지","60레벨 토벌자의 판금각반","수정 포식자 / 광산왕 크로투스","일일 10%; 주간 25% × 레벨 50%; 직업 20%; 부위 1/9"
"60","전사","장갑","60레벨 토벌자의 철장갑","수정 포식자 / 광산왕 크로투스","일일 10%; 주간 25% × 레벨 50%; 직업 20%; 부위 1/9"
"60","전사","신발","60레벨 토벌자의 전투장화","수정 포식자 / 광산왕 크로투스","일일 10%; 주간 25% × 레벨 50%; 직업 20%; 부위 1/9"
"60","전사","반지","60레벨 토벌자의 인장반지","수정 포식자 / 광산왕 크로투스","일일 10%; 주간 25% × 레벨 50%; 직업 20%; 부위 1/9"
"60","전사","귀걸이","60레벨 토벌자의 전공귀걸이","수정 포식자 / 광산왕 크로투스","일일 10%; 주간 25% × 레벨 50%; 직업 20%; 부위 1/9"
"60","전사","펜던트","60레벨 토벌자의 수호패","수정 포식자 / 광산왕 크로투스","일일 10%; 주간 25% × 레벨 50%; 직업 20%; 부위 1/9"
"70","전사","무기","70레벨 토벌자의 장창","화염 사냥개 / 재의 군주","일일 10%; 주간 25% × 레벨 50%; 직업 20%; 부위 1/9"
"70","전사","투구","70레벨 토벌자의 전투투구","화염 사냥개 / 재의 군주","일일 10%; 주간 25% × 레벨 50%; 직업 20%; 부위 1/9"
"70","전사","갑옷","70레벨 토벌자의 흉갑","화염 사냥개 / 재의 군주","일일 10%; 주간 25% × 레벨 50%; 직업 20%; 부위 1/9"
"70","전사","바지","70레벨 토벌자의 판금각반","화염 사냥개 / 재의 군주","일일 10%; 주간 25% × 레벨 50%; 직업 20%; 부위 1/9"
"70","전사","장갑","70레벨 토벌자의 철장갑","화염 사냥개 / 재의 군주","일일 10%; 주간 25% × 레벨 50%; 직업 20%; 부위 1/9"
"70","전사","신발","70레벨 토벌자의 전투장화","화염 사냥개 / 재의 군주","일일 10%; 주간 25% × 레벨 50%; 직업 20%; 부위 1/9"
"70","전사","반지","70레벨 토벌자의 인장반지","화염 사냥개 / 재의 군주","일일 10%; 주간 25% × 레벨 50%; 직업 20%; 부위 1/9"
"70","전사","귀걸이","70레벨 토벌자의 전공귀걸이","화염 사냥개 / 재의 군주","일일 10%; 주간 25% × 레벨 50%; 직업 20%; 부위 1/9"
"70","전사","펜던트","70레벨 토벌자의 수호패","화염 사냥개 / 재의 군주","일일 10%; 주간 25% × 레벨 50%; 직업 20%; 부위 1/9"
"80","전사","무기","80레벨 토벌자의 장창","용암 거신 / 재의 군주","일일 10%; 주간 25% × 레벨 50%; 직업 20%; 부위 1/9"
"80","전사","투구","80레벨 토벌자의 전투투구","용암 거신 / 재의 군주","일일 10%; 주간 25% × 레벨 50%; 직업 20%; 부위 1/9"
"80","전사","갑옷","80레벨 토벌자의 흉갑","용암 거신 / 재의 군주","일일 10%; 주간 25% × 레벨 50%; 직업 20%; 부위 1/9"
"80","전사","바지","80레벨 토벌자의 판금각반","용암 거신 / 재의 군주","일일 10%; 주간 25% × 레벨 50%; 직업 20%; 부위 1/9"
"80","전사","장갑","80레벨 토벌자의 철장갑","용암 거신 / 재의 군주","일일 10%; 주간 25% × 레벨 50%; 직업 20%; 부위 1/9"
"80","전사","신발","80레벨 토벌자의 전투장화","용암 거신 / 재의 군주","일일 10%; 주간 25% × 레벨 50%; 직업 20%; 부위 1/9"
"80","전사","반지","80레벨 토벌자의 인장반지","용암 거신 / 재의 군주","일일 10%; 주간 25% × 레벨 50%; 직업 20%; 부위 1/9"
"80","전사","귀걸이","80레벨 토벌자의 전공귀걸이","용암 거신 / 재의 군주","일일 10%; 주간 25% × 레벨 50%; 직업 20%; 부위 1/9"
"80","전사","펜던트","80레벨 토벌자의 수호패","용암 거신 / 재의 군주","일일 10%; 주간 25% × 레벨 50%; 직업 20%; 부위 1/9"
"90","전사","무기","90레벨 토벌자의 장창","유령 기사 / 불멸의 왕","일일 10%; 주간 25% × 레벨 50%; 직업 20%; 부위 1/9"
"90","전사","투구","90레벨 토벌자의 전투투구","유령 기사 / 불멸의 왕","일일 10%; 주간 25% × 레벨 50%; 직업 20%; 부위 1/9"
"90","전사","갑옷","90레벨 토벌자의 흉갑","유령 기사 / 불멸의 왕","일일 10%; 주간 25% × 레벨 50%; 직업 20%; 부위 1/9"
"90","전사","바지","90레벨 토벌자의 판금각반","유령 기사 / 불멸의 왕","일일 10%; 주간 25% × 레벨 50%; 직업 20%; 부위 1/9"
"90","전사","장갑","90레벨 토벌자의 철장갑","유령 기사 / 불멸의 왕","일일 10%; 주간 25% × 레벨 50%; 직업 20%; 부위 1/9"
"90","전사","신발","90레벨 토벌자의 전투장화","유령 기사 / 불멸의 왕","일일 10%; 주간 25% × 레벨 50%; 직업 20%; 부위 1/9"
"90","전사","반지","90레벨 토벌자의 인장반지","유령 기사 / 불멸의 왕","일일 10%; 주간 25% × 레벨 50%; 직업 20%; 부위 1/9"
"90","전사","귀걸이","90레벨 토벌자의 전공귀걸이","유령 기사 / 불멸의 왕","일일 10%; 주간 25% × 레벨 50%; 직업 20%; 부위 1/9"
"90","전사","펜던트","90레벨 토벌자의 수호패","유령 기사 / 불멸의 왕","일일 10%; 주간 25% × 레벨 50%; 직업 20%; 부위 1/9"
"100","전사","무기","100레벨 토벌자의 장창","망령 여왕 / 불멸의 왕","일일 10%; 주간 25% × 레벨 50%; 직업 20%; 부위 1/9"
"100","전사","투구","100레벨 토벌자의 전투투구","망령 여왕 / 불멸의 왕","일일 10%; 주간 25% × 레벨 50%; 직업 20%; 부위 1/9"
"100","전사","갑옷","100레벨 토벌자의 흉갑","망령 여왕 / 불멸의 왕","일일 10%; 주간 25% × 레벨 50%; 직업 20%; 부위 1/9"
"100","전사","바지","100레벨 토벌자의 판금각반","망령 여왕 / 불멸의 왕","일일 10%; 주간 25% × 레벨 50%; 직업 20%; 부위 1/9"
"100","전사","장갑","100레벨 토벌자의 철장갑","망령 여왕 / 불멸의 왕","일일 10%; 주간 25% × 레벨 50%; 직업 20%; 부위 1/9"
"100","전사","신발","100레벨 토벌자의 전투장화","망령 여왕 / 불멸의 왕","일일 10%; 주간 25% × 레벨 50%; 직업 20%; 부위 1/9"
"100","전사","반지","100레벨 토벌자의 인장반지","망령 여왕 / 불멸의 왕","일일 10%; 주간 25% × 레벨 50%; 직업 20%; 부위 1/9"
"100","전사","귀걸이","100레벨 토벌자의 전공귀걸이","망령 여왕 / 불멸의 왕","일일 10%; 주간 25% × 레벨 50%; 직업 20%; 부위 1/9"
"100","전사","펜던트","100레벨 토벌자의 수호패","망령 여왕 / 불멸의 왕","일일 10%; 주간 25% × 레벨 50%; 직업 20%; 부위 1/9"
"110","전사","무기","110레벨 토벌자의 장창","설원 포식자 / 빙룡 이스라","일일 10%; 주간 25% × 레벨 50%; 직업 20%; 부위 1/9"
"110","전사","투구","110레벨 토벌자의 전투투구","설원 포식자 / 빙룡 이스라","일일 10%; 주간 25% × 레벨 50%; 직업 20%; 부위 1/9"
"110","전사","갑옷","110레벨 토벌자의 흉갑","설원 포식자 / 빙룡 이스라","일일 10%; 주간 25% × 레벨 50%; 직업 20%; 부위 1/9"
"110","전사","바지","110레벨 토벌자의 판금각반","설원 포식자 / 빙룡 이스라","일일 10%; 주간 25% × 레벨 50%; 직업 20%; 부위 1/9"
"110","전사","장갑","110레벨 토벌자의 철장갑","설원 포식자 / 빙룡 이스라","일일 10%; 주간 25% × 레벨 50%; 직업 20%; 부위 1/9"
"110","전사","신발","110레벨 토벌자의 전투장화","설원 포식자 / 빙룡 이스라","일일 10%; 주간 25% × 레벨 50%; 직업 20%; 부위 1/9"
"110","전사","반지","110레벨 토벌자의 인장반지","설원 포식자 / 빙룡 이스라","일일 10%; 주간 25% × 레벨 50%; 직업 20%; 부위 1/9"
"110","전사","귀걸이","110레벨 토벌자의 전공귀걸이","설원 포식자 / 빙룡 이스라","일일 10%; 주간 25% × 레벨 50%; 직업 20%; 부위 1/9"
"110","전사","펜던트","110레벨 토벌자의 수호패","설원 포식자 / 빙룡 이스라","일일 10%; 주간 25% × 레벨 50%; 직업 20%; 부위 1/9"
"120","전사","무기","120레벨 토벌자의 장창","빙결 마녀 / 빙룡 이스라","일일 10%; 주간 25% × 레벨 50%; 직업 20%; 부위 1/9"
"120","전사","투구","120레벨 토벌자의 전투투구","빙결 마녀 / 빙룡 이스라","일일 10%; 주간 25% × 레벨 50%; 직업 20%; 부위 1/9"
"120","전사","갑옷","120레벨 토벌자의 흉갑","빙결 마녀 / 빙룡 이스라","일일 10%; 주간 25% × 레벨 50%; 직업 20%; 부위 1/9"
"120","전사","바지","120레벨 토벌자의 판금각반","빙결 마녀 / 빙룡 이스라","일일 10%; 주간 25% × 레벨 50%; 직업 20%; 부위 1/9"
"120","전사","장갑","120레벨 토벌자의 철장갑","빙결 마녀 / 빙룡 이스라","일일 10%; 주간 25% × 레벨 50%; 직업 20%; 부위 1/9"
"120","전사","신발","120레벨 토벌자의 전투장화","빙결 마녀 / 빙룡 이스라","일일 10%; 주간 25% × 레벨 50%; 직업 20%; 부위 1/9"
"120","전사","반지","120레벨 토벌자의 인장반지","빙결 마녀 / 빙룡 이스라","일일 10%; 주간 25% × 레벨 50%; 직업 20%; 부위 1/9"
"120","전사","귀걸이","120레벨 토벌자의 전공귀걸이","빙결 마녀 / 빙룡 이스라","일일 10%; 주간 25% × 레벨 50%; 직업 20%; 부위 1/9"
"120","전사","펜던트","120레벨 토벌자의 수호패","빙결 마녀 / 빙룡 이스라","일일 10%; 주간 25% × 레벨 50%; 직업 20%; 부위 1/9"
"130","전사","무기","130레벨 토벌자의 장창","모래 군주 / 사막왕 라칸","일일 10%; 주간 25% × 레벨 50%; 직업 20%; 부위 1/9"
"130","전사","투구","130레벨 토벌자의 전투투구","모래 군주 / 사막왕 라칸","일일 10%; 주간 25% × 레벨 50%; 직업 20%; 부위 1/9"
"130","전사","갑옷","130레벨 토벌자의 흉갑","모래 군주 / 사막왕 라칸","일일 10%; 주간 25% × 레벨 50%; 직업 20%; 부위 1/9"
"130","전사","바지","130레벨 토벌자의 판금각반","모래 군주 / 사막왕 라칸","일일 10%; 주간 25% × 레벨 50%; 직업 20%; 부위 1/9"
"130","전사","장갑","130레벨 토벌자의 철장갑","모래 군주 / 사막왕 라칸","일일 10%; 주간 25% × 레벨 50%; 직업 20%; 부위 1/9"
"130","전사","신발","130레벨 토벌자의 전투장화","모래 군주 / 사막왕 라칸","일일 10%; 주간 25% × 레벨 50%; 직업 20%; 부위 1/9"
"130","전사","반지","130레벨 토벌자의 인장반지","모래 군주 / 사막왕 라칸","일일 10%; 주간 25% × 레벨 50%; 직업 20%; 부위 1/9"
"130","전사","귀걸이","130레벨 토벌자의 전공귀걸이","모래 군주 / 사막왕 라칸","일일 10%; 주간 25% × 레벨 50%; 직업 20%; 부위 1/9"
"130","전사","펜던트","130레벨 토벌자의 수호패","모래 군주 / 사막왕 라칸","일일 10%; 주간 25% × 레벨 50%; 직업 20%; 부위 1/9"
"140","전사","무기","140레벨 토벌자의 장창","태양 수호자 / 사막왕 라칸","일일 10%; 주간 25% × 레벨 50%; 직업 20%; 부위 1/9"
"140","전사","투구","140레벨 토벌자의 전투투구","태양 수호자 / 사막왕 라칸","일일 10%; 주간 25% × 레벨 50%; 직업 20%; 부위 1/9"
"140","전사","갑옷","140레벨 토벌자의 흉갑","태양 수호자 / 사막왕 라칸","일일 10%; 주간 25% × 레벨 50%; 직업 20%; 부위 1/9"
"140","전사","바지","140레벨 토벌자의 판금각반","태양 수호자 / 사막왕 라칸","일일 10%; 주간 25% × 레벨 50%; 직업 20%; 부위 1/9"
"140","전사","장갑","140레벨 토벌자의 철장갑","태양 수호자 / 사막왕 라칸","일일 10%; 주간 25% × 레벨 50%; 직업 20%; 부위 1/9"
"140","전사","신발","140레벨 토벌자의 전투장화","태양 수호자 / 사막왕 라칸","일일 10%; 주간 25% × 레벨 50%; 직업 20%; 부위 1/9"
"140","전사","반지","140레벨 토벌자의 인장반지","태양 수호자 / 사막왕 라칸","일일 10%; 주간 25% × 레벨 50%; 직업 20%; 부위 1/9"
"140","전사","귀걸이","140레벨 토벌자의 전공귀걸이","태양 수호자 / 사막왕 라칸","일일 10%; 주간 25% × 레벨 50%; 직업 20%; 부위 1/9"
"140","전사","펜던트","140레벨 토벌자의 수호패","태양 수호자 / 사막왕 라칸","일일 10%; 주간 25% × 레벨 50%; 직업 20%; 부위 1/9"
"150","전사","무기","150레벨 토벌자의 장창","타락한 사제 / 성역의 주인","일일 10%; 주간 25% × 레벨 50%; 직업 20%; 부위 1/9"
"150","전사","투구","150레벨 토벌자의 전투투구","타락한 사제 / 성역의 주인","일일 10%; 주간 25% × 레벨 50%; 직업 20%; 부위 1/9"
"150","전사","갑옷","150레벨 토벌자의 흉갑","타락한 사제 / 성역의 주인","일일 10%; 주간 25% × 레벨 50%; 직업 20%; 부위 1/9"
"150","전사","바지","150레벨 토벌자의 판금각반","타락한 사제 / 성역의 주인","일일 10%; 주간 25% × 레벨 50%; 직업 20%; 부위 1/9"
"150","전사","장갑","150레벨 토벌자의 철장갑","타락한 사제 / 성역의 주인","일일 10%; 주간 25% × 레벨 50%; 직업 20%; 부위 1/9"
"150","전사","신발","150레벨 토벌자의 전투장화","타락한 사제 / 성역의 주인","일일 10%; 주간 25% × 레벨 50%; 직업 20%; 부위 1/9"
"150","전사","반지","150레벨 토벌자의 인장반지","타락한 사제 / 성역의 주인","일일 10%; 주간 25% × 레벨 50%; 직업 20%; 부위 1/9"
"150","전사","귀걸이","150레벨 토벌자의 전공귀걸이","타락한 사제 / 성역의 주인","일일 10%; 주간 25% × 레벨 50%; 직업 20%; 부위 1/9"
"150","전사","펜던트","150레벨 토벌자의 수호패","타락한 사제 / 성역의 주인","일일 10%; 주간 25% × 레벨 50%; 직업 20%; 부위 1/9"
"160","전사","무기","160레벨 토벌자의 장창","천공 심판자 / 성역의 주인","일일 10%; 주간 25% × 레벨 50%; 직업 20%; 부위 1/9"
"160","전사","투구","160레벨 토벌자의 전투투구","천공 심판자 / 성역의 주인","일일 10%; 주간 25% × 레벨 50%; 직업 20%; 부위 1/9"
"160","전사","갑옷","160레벨 토벌자의 흉갑","천공 심판자 / 성역의 주인","일일 10%; 주간 25% × 레벨 50%; 직업 20%; 부위 1/9"
"160","전사","바지","160레벨 토벌자의 판금각반","천공 심판자 / 성역의 주인","일일 10%; 주간 25% × 레벨 50%; 직업 20%; 부위 1/9"
"160","전사","장갑","160레벨 토벌자의 철장갑","천공 심판자 / 성역의 주인","일일 10%; 주간 25% × 레벨 50%; 직업 20%; 부위 1/9"
"160","전사","신발","160레벨 토벌자의 전투장화","천공 심판자 / 성역의 주인","일일 10%; 주간 25% × 레벨 50%; 직업 20%; 부위 1/9"
"160","전사","반지","160레벨 토벌자의 인장반지","천공 심판자 / 성역의 주인","일일 10%; 주간 25% × 레벨 50%; 직업 20%; 부위 1/9"
"160","전사","귀걸이","160레벨 토벌자의 전공귀걸이","천공 심판자 / 성역의 주인","일일 10%; 주간 25% × 레벨 50%; 직업 20%; 부위 1/9"
"160","전사","펜던트","160레벨 토벌자의 수호패","천공 심판자 / 성역의 주인","일일 10%; 주간 25% × 레벨 50%; 직업 20%; 부위 1/9"
"170","전사","무기","170레벨 토벌자의 장창","시계 거인 / 시간왕 크로노스","일일 10%; 주간 25% × 레벨 50%; 직업 20%; 부위 1/9"
"170","전사","투구","170레벨 토벌자의 전투투구","시계 거인 / 시간왕 크로노스","일일 10%; 주간 25% × 레벨 50%; 직업 20%; 부위 1/9"
"170","전사","갑옷","170레벨 토벌자의 흉갑","시계 거인 / 시간왕 크로노스","일일 10%; 주간 25% × 레벨 50%; 직업 20%; 부위 1/9"
"170","전사","바지","170레벨 토벌자의 판금각반","시계 거인 / 시간왕 크로노스","일일 10%; 주간 25% × 레벨 50%; 직업 20%; 부위 1/9"
"170","전사","장갑","170레벨 토벌자의 철장갑","시계 거인 / 시간왕 크로노스","일일 10%; 주간 25% × 레벨 50%; 직업 20%; 부위 1/9"
"170","전사","신발","170레벨 토벌자의 전투장화","시계 거인 / 시간왕 크로노스","일일 10%; 주간 25% × 레벨 50%; 직업 20%; 부위 1/9"
"170","전사","반지","170레벨 토벌자의 인장반지","시계 거인 / 시간왕 크로노스","일일 10%; 주간 25% × 레벨 50%; 직업 20%; 부위 1/9"
"170","전사","귀걸이","170레벨 토벌자의 전공귀걸이","시계 거인 / 시간왕 크로노스","일일 10%; 주간 25% × 레벨 50%; 직업 20%; 부위 1/9"
"170","전사","펜던트","170레벨 토벌자의 수호패","시계 거인 / 시간왕 크로노스","일일 10%; 주간 25% × 레벨 50%; 직업 20%; 부위 1/9"
"180","전사","무기","180레벨 토벌자의 장창","균열의 군주 / 시간왕 크로노스","일일 10%; 주간 25% × 레벨 50%; 직업 20%; 부위 1/9"
"180","전사","투구","180레벨 토벌자의 전투투구","균열의 군주 / 시간왕 크로노스","일일 10%; 주간 25% × 레벨 50%; 직업 20%; 부위 1/9"
"180","전사","갑옷","180레벨 토벌자의 흉갑","균열의 군주 / 시간왕 크로노스","일일 10%; 주간 25% × 레벨 50%; 직업 20%; 부위 1/9"
"180","전사","바지","180레벨 토벌자의 판금각반","균열의 군주 / 시간왕 크로노스","일일 10%; 주간 25% × 레벨 50%; 직업 20%; 부위 1/9"
"180","전사","장갑","180레벨 토벌자의 철장갑","균열의 군주 / 시간왕 크로노스","일일 10%; 주간 25% × 레벨 50%; 직업 20%; 부위 1/9"
"180","전사","신발","180레벨 토벌자의 전투장화","균열의 군주 / 시간왕 크로노스","일일 10%; 주간 25% × 레벨 50%; 직업 20%; 부위 1/9"
"180","전사","반지","180레벨 토벌자의 인장반지","균열의 군주 / 시간왕 크로노스","일일 10%; 주간 25% × 레벨 50%; 직업 20%; 부위 1/9"
"180","전사","귀걸이","180레벨 토벌자의 전공귀걸이","균열의 군주 / 시간왕 크로노스","일일 10%; 주간 25% × 레벨 50%; 직업 20%; 부위 1/9"
"180","전사","펜던트","180레벨 토벌자의 수호패","균열의 군주 / 시간왕 크로노스","일일 10%; 주간 25% × 레벨 50%; 직업 20%; 부위 1/9"
"190","전사","무기","190레벨 토벌자의 장창","심연 기사 / 멸신왕 벨제리온","일일 10%; 주간 25% × 레벨 50%; 직업 20%; 부위 1/9"
"190","전사","투구","190레벨 토벌자의 전투투구","심연 기사 / 멸신왕 벨제리온","일일 10%; 주간 25% × 레벨 50%; 직업 20%; 부위 1/9"
"190","전사","갑옷","190레벨 토벌자의 흉갑","심연 기사 / 멸신왕 벨제리온","일일 10%; 주간 25% × 레벨 50%; 직업 20%; 부위 1/9"
"190","전사","바지","190레벨 토벌자의 판금각반","심연 기사 / 멸신왕 벨제리온","일일 10%; 주간 25% × 레벨 50%; 직업 20%; 부위 1/9"
"190","전사","장갑","190레벨 토벌자의 철장갑","심연 기사 / 멸신왕 벨제리온","일일 10%; 주간 25% × 레벨 50%; 직업 20%; 부위 1/9"
"190","전사","신발","190레벨 토벌자의 전투장화","심연 기사 / 멸신왕 벨제리온","일일 10%; 주간 25% × 레벨 50%; 직업 20%; 부위 1/9"
"190","전사","반지","190레벨 토벌자의 인장반지","심연 기사 / 멸신왕 벨제리온","일일 10%; 주간 25% × 레벨 50%; 직업 20%; 부위 1/9"
"190","전사","귀걸이","190레벨 토벌자의 전공귀걸이","심연 기사 / 멸신왕 벨제리온","일일 10%; 주간 25% × 레벨 50%; 직업 20%; 부위 1/9"
"190","전사","펜던트","190레벨 토벌자의 수호패","심연 기사 / 멸신왕 벨제리온","일일 10%; 주간 25% × 레벨 50%; 직업 20%; 부위 1/9"
"200","전사","무기","200레벨 토벌자의 장창","공허 포식자 / 멸신왕 벨제리온","일일 10%; 주간 25% × 레벨 50%; 직업 20%; 부위 1/9"
"200","전사","투구","200레벨 토벌자의 전투투구","공허 포식자 / 멸신왕 벨제리온","일일 10%; 주간 25% × 레벨 50%; 직업 20%; 부위 1/9"
"200","전사","갑옷","200레벨 토벌자의 흉갑","공허 포식자 / 멸신왕 벨제리온","일일 10%; 주간 25% × 레벨 50%; 직업 20%; 부위 1/9"
"200","전사","바지","200레벨 토벌자의 판금각반","공허 포식자 / 멸신왕 벨제리온","일일 10%; 주간 25% × 레벨 50%; 직업 20%; 부위 1/9"
"200","전사","장갑","200레벨 토벌자의 철장갑","공허 포식자 / 멸신왕 벨제리온","일일 10%; 주간 25% × 레벨 50%; 직업 20%; 부위 1/9"
"200","전사","신발","200레벨 토벌자의 전투장화","공허 포식자 / 멸신왕 벨제리온","일일 10%; 주간 25% × 레벨 50%; 직업 20%; 부위 1/9"
"200","전사","반지","200레벨 토벌자의 인장반지","공허 포식자 / 멸신왕 벨제리온","일일 10%; 주간 25% × 레벨 50%; 직업 20%; 부위 1/9"
"200","전사","귀걸이","200레벨 토벌자의 전공귀걸이","공허 포식자 / 멸신왕 벨제리온","일일 10%; 주간 25% × 레벨 50%; 직업 20%; 부위 1/9"
"200","전사","펜던트","200레벨 토벌자의 수호패","공허 포식자 / 멸신왕 벨제리온","일일 10%; 주간 25% × 레벨 50%; 직업 20%; 부위 1/9"
"10","마법사","무기","10레벨 토벌자의 완드","초목왕 모루 / 들판의 군주","일일 10%; 주간 25% × 레벨 50%; 직업 20%; 부위 1/9"
"10","마법사","투구","10레벨 토벌자의 마법모자","초목왕 모루 / 들판의 군주","일일 10%; 주간 25% × 레벨 50%; 직업 20%; 부위 1/9"
"10","마법사","갑옷","10레벨 토벌자의 로브","초목왕 모루 / 들판의 군주","일일 10%; 주간 25% × 레벨 50%; 직업 20%; 부위 1/9"
"10","마법사","바지","10레벨 토벌자의 마법바지","초목왕 모루 / 들판의 군주","일일 10%; 주간 25% × 레벨 50%; 직업 20%; 부위 1/9"
"10","마법사","장갑","10레벨 토벌자의 주문장갑","초목왕 모루 / 들판의 군주","일일 10%; 주간 25% × 레벨 50%; 직업 20%; 부위 1/9"
"10","마법사","신발","10레벨 토벌자의 마법신","초목왕 모루 / 들판의 군주","일일 10%; 주간 25% × 레벨 50%; 직업 20%; 부위 1/9"
"10","마법사","반지","10레벨 토벌자의 마력반지","초목왕 모루 / 들판의 군주","일일 10%; 주간 25% × 레벨 50%; 직업 20%; 부위 1/9"
"10","마법사","귀걸이","10레벨 토벌자의 비전귀걸이","초목왕 모루 / 들판의 군주","일일 10%; 주간 25% × 레벨 50%; 직업 20%; 부위 1/9"
"10","마법사","펜던트","10레벨 토벌자의 주술목걸이","초목왕 모루 / 들판의 군주","일일 10%; 주간 25% × 레벨 50%; 직업 20%; 부위 1/9"
"20","마법사","무기","20레벨 토벌자의 완드","거목 수호자 / 들판의 군주","일일 10%; 주간 25% × 레벨 50%; 직업 20%; 부위 1/9"
"20","마법사","투구","20레벨 토벌자의 마법모자","거목 수호자 / 들판의 군주","일일 10%; 주간 25% × 레벨 50%; 직업 20%; 부위 1/9"
"20","마법사","갑옷","20레벨 토벌자의 로브","거목 수호자 / 들판의 군주","일일 10%; 주간 25% × 레벨 50%; 직업 20%; 부위 1/9"
"20","마법사","바지","20레벨 토벌자의 마법바지","거목 수호자 / 들판의 군주","일일 10%; 주간 25% × 레벨 50%; 직업 20%; 부위 1/9"
"20","마법사","장갑","20레벨 토벌자의 주문장갑","거목 수호자 / 들판의 군주","일일 10%; 주간 25% × 레벨 50%; 직업 20%; 부위 1/9"
"20","마법사","신발","20레벨 토벌자의 마법신","거목 수호자 / 들판의 군주","일일 10%; 주간 25% × 레벨 50%; 직업 20%; 부위 1/9"
"20","마법사","반지","20레벨 토벌자의 마력반지","거목 수호자 / 들판의 군주","일일 10%; 주간 25% × 레벨 50%; 직업 20%; 부위 1/9"
"20","마법사","귀걸이","20레벨 토벌자의 비전귀걸이","거목 수호자 / 들판의 군주","일일 10%; 주간 25% × 레벨 50%; 직업 20%; 부위 1/9"
"20","마법사","펜던트","20레벨 토벌자의 주술목걸이","거목 수호자 / 들판의 군주","일일 10%; 주간 25% × 레벨 50%; 직업 20%; 부위 1/9"
"30","마법사","무기","30레벨 토벌자의 완드","달그림자 루엔 / 월광 사슴왕","일일 10%; 주간 25% × 레벨 50%; 직업 20%; 부위 1/9"
"30","마법사","투구","30레벨 토벌자의 마법모자","달그림자 루엔 / 월광 사슴왕","일일 10%; 주간 25% × 레벨 50%; 직업 20%; 부위 1/9"
"30","마법사","갑옷","30레벨 토벌자의 로브","달그림자 루엔 / 월광 사슴왕","일일 10%; 주간 25% × 레벨 50%; 직업 20%; 부위 1/9"
"30","마법사","바지","30레벨 토벌자의 마법바지","달그림자 루엔 / 월광 사슴왕","일일 10%; 주간 25% × 레벨 50%; 직업 20%; 부위 1/9"
"30","마법사","장갑","30레벨 토벌자의 주문장갑","달그림자 루엔 / 월광 사슴왕","일일 10%; 주간 25% × 레벨 50%; 직업 20%; 부위 1/9"
"30","마법사","신발","30레벨 토벌자의 마법신","달그림자 루엔 / 월광 사슴왕","일일 10%; 주간 25% × 레벨 50%; 직업 20%; 부위 1/9"
"30","마법사","반지","30레벨 토벌자의 마력반지","달그림자 루엔 / 월광 사슴왕","일일 10%; 주간 25% × 레벨 50%; 직업 20%; 부위 1/9"
"30","마법사","귀걸이","30레벨 토벌자의 비전귀걸이","달그림자 루엔 / 월광 사슴왕","일일 10%; 주간 25% × 레벨 50%; 직업 20%; 부위 1/9"
"30","마법사","펜던트","30레벨 토벌자의 주술목걸이","달그림자 루엔 / 월광 사슴왕","일일 10%; 주간 25% × 레벨 50%; 직업 20%; 부위 1/9"
"40","마법사","무기","40레벨 토벌자의 완드","고목왕 아르벨 / 월광 사슴왕","일일 10%; 주간 25% × 레벨 50%; 직업 20%; 부위 1/9"
"40","마법사","투구","40레벨 토벌자의 마법모자","고목왕 아르벨 / 월광 사슴왕","일일 10%; 주간 25% × 레벨 50%; 직업 20%; 부위 1/9"
"40","마법사","갑옷","40레벨 토벌자의 로브","고목왕 아르벨 / 월광 사슴왕","일일 10%; 주간 25% × 레벨 50%; 직업 20%; 부위 1/9"
"40","마법사","바지","40레벨 토벌자의 마법바지","고목왕 아르벨 / 월광 사슴왕","일일 10%; 주간 25% × 레벨 50%; 직업 20%; 부위 1/9"
"40","마법사","장갑","40레벨 토벌자의 주문장갑","고목왕 아르벨 / 월광 사슴왕","일일 10%; 주간 25% × 레벨 50%; 직업 20%; 부위 1/9"
"40","마법사","신발","40레벨 토벌자의 마법신","고목왕 아르벨 / 월광 사슴왕","일일 10%; 주간 25% × 레벨 50%; 직업 20%; 부위 1/9"
"40","마법사","반지","40레벨 토벌자의 마력반지","고목왕 아르벨 / 월광 사슴왕","일일 10%; 주간 25% × 레벨 50%; 직업 20%; 부위 1/9"
"40","마법사","귀걸이","40레벨 토벌자의 비전귀걸이","고목왕 아르벨 / 월광 사슴왕","일일 10%; 주간 25% × 레벨 50%; 직업 20%; 부위 1/9"
"40","마법사","펜던트","40레벨 토벌자의 주술목걸이","고목왕 아르벨 / 월광 사슴왕","일일 10%; 주간 25% × 레벨 50%; 직업 20%; 부위 1/9"
"50","마법사","무기","50레벨 토벌자의 완드","강철 거인 / 광산왕 크로투스","일일 10%; 주간 25% × 레벨 50%; 직업 20%; 부위 1/9"
"50","마법사","투구","50레벨 토벌자의 마법모자","강철 거인 / 광산왕 크로투스","일일 10%; 주간 25% × 레벨 50%; 직업 20%; 부위 1/9"
"50","마법사","갑옷","50레벨 토벌자의 로브","강철 거인 / 광산왕 크로투스","일일 10%; 주간 25% × 레벨 50%; 직업 20%; 부위 1/9"
"50","마법사","바지","50레벨 토벌자의 마법바지","강철 거인 / 광산왕 크로투스","일일 10%; 주간 25% × 레벨 50%; 직업 20%; 부위 1/9"
"50","마법사","장갑","50레벨 토벌자의 주문장갑","강철 거인 / 광산왕 크로투스","일일 10%; 주간 25% × 레벨 50%; 직업 20%; 부위 1/9"
"50","마법사","신발","50레벨 토벌자의 마법신","강철 거인 / 광산왕 크로투스","일일 10%; 주간 25% × 레벨 50%; 직업 20%; 부위 1/9"
"50","마법사","반지","50레벨 토벌자의 마력반지","강철 거인 / 광산왕 크로투스","일일 10%; 주간 25% × 레벨 50%; 직업 20%; 부위 1/9"
"50","마법사","귀걸이","50레벨 토벌자의 비전귀걸이","강철 거인 / 광산왕 크로투스","일일 10%; 주간 25% × 레벨 50%; 직업 20%; 부위 1/9"
"50","마법사","펜던트","50레벨 토벌자의 주술목걸이","강철 거인 / 광산왕 크로투스","일일 10%; 주간 25% × 레벨 50%; 직업 20%; 부위 1/9"
"60","마법사","무기","60레벨 토벌자의 완드","수정 포식자 / 광산왕 크로투스","일일 10%; 주간 25% × 레벨 50%; 직업 20%; 부위 1/9"
"60","마법사","투구","60레벨 토벌자의 마법모자","수정 포식자 / 광산왕 크로투스","일일 10%; 주간 25% × 레벨 50%; 직업 20%; 부위 1/9"
"60","마법사","갑옷","60레벨 토벌자의 로브","수정 포식자 / 광산왕 크로투스","일일 10%; 주간 25% × 레벨 50%; 직업 20%; 부위 1/9"
"60","마법사","바지","60레벨 토벌자의 마법바지","수정 포식자 / 광산왕 크로투스","일일 10%; 주간 25% × 레벨 50%; 직업 20%; 부위 1/9"
"60","마법사","장갑","60레벨 토벌자의 주문장갑","수정 포식자 / 광산왕 크로투스","일일 10%; 주간 25% × 레벨 50%; 직업 20%; 부위 1/9"
"60","마법사","신발","60레벨 토벌자의 마법신","수정 포식자 / 광산왕 크로투스","일일 10%; 주간 25% × 레벨 50%; 직업 20%; 부위 1/9"
"60","마법사","반지","60레벨 토벌자의 마력반지","수정 포식자 / 광산왕 크로투스","일일 10%; 주간 25% × 레벨 50%; 직업 20%; 부위 1/9"
"60","마법사","귀걸이","60레벨 토벌자의 비전귀걸이","수정 포식자 / 광산왕 크로투스","일일 10%; 주간 25% × 레벨 50%; 직업 20%; 부위 1/9"
"60","마법사","펜던트","60레벨 토벌자의 주술목걸이","수정 포식자 / 광산왕 크로투스","일일 10%; 주간 25% × 레벨 50%; 직업 20%; 부위 1/9"
"70","마법사","무기","70레벨 토벌자의 완드","화염 사냥개 / 재의 군주","일일 10%; 주간 25% × 레벨 50%; 직업 20%; 부위 1/9"
"70","마법사","투구","70레벨 토벌자의 마법모자","화염 사냥개 / 재의 군주","일일 10%; 주간 25% × 레벨 50%; 직업 20%; 부위 1/9"
"70","마법사","갑옷","70레벨 토벌자의 로브","화염 사냥개 / 재의 군주","일일 10%; 주간 25% × 레벨 50%; 직업 20%; 부위 1/9"
"70","마법사","바지","70레벨 토벌자의 마법바지","화염 사냥개 / 재의 군주","일일 10%; 주간 25% × 레벨 50%; 직업 20%; 부위 1/9"
"70","마법사","장갑","70레벨 토벌자의 주문장갑","화염 사냥개 / 재의 군주","일일 10%; 주간 25% × 레벨 50%; 직업 20%; 부위 1/9"
"70","마법사","신발","70레벨 토벌자의 마법신","화염 사냥개 / 재의 군주","일일 10%; 주간 25% × 레벨 50%; 직업 20%; 부위 1/9"
"70","마법사","반지","70레벨 토벌자의 마력반지","화염 사냥개 / 재의 군주","일일 10%; 주간 25% × 레벨 50%; 직업 20%; 부위 1/9"
"70","마법사","귀걸이","70레벨 토벌자의 비전귀걸이","화염 사냥개 / 재의 군주","일일 10%; 주간 25% × 레벨 50%; 직업 20%; 부위 1/9"
"70","마법사","펜던트","70레벨 토벌자의 주술목걸이","화염 사냥개 / 재의 군주","일일 10%; 주간 25% × 레벨 50%; 직업 20%; 부위 1/9"
"80","마법사","무기","80레벨 토벌자의 완드","용암 거신 / 재의 군주","일일 10%; 주간 25% × 레벨 50%; 직업 20%; 부위 1/9"
"80","마법사","투구","80레벨 토벌자의 마법모자","용암 거신 / 재의 군주","일일 10%; 주간 25% × 레벨 50%; 직업 20%; 부위 1/9"
"80","마법사","갑옷","80레벨 토벌자의 로브","용암 거신 / 재의 군주","일일 10%; 주간 25% × 레벨 50%; 직업 20%; 부위 1/9"
"80","마법사","바지","80레벨 토벌자의 마법바지","용암 거신 / 재의 군주","일일 10%; 주간 25% × 레벨 50%; 직업 20%; 부위 1/9"
"80","마법사","장갑","80레벨 토벌자의 주문장갑","용암 거신 / 재의 군주","일일 10%; 주간 25% × 레벨 50%; 직업 20%; 부위 1/9"
"80","마법사","신발","80레벨 토벌자의 마법신","용암 거신 / 재의 군주","일일 10%; 주간 25% × 레벨 50%; 직업 20%; 부위 1/9"
"80","마법사","반지","80레벨 토벌자의 마력반지","용암 거신 / 재의 군주","일일 10%; 주간 25% × 레벨 50%; 직업 20%; 부위 1/9"
"80","마법사","귀걸이","80레벨 토벌자의 비전귀걸이","용암 거신 / 재의 군주","일일 10%; 주간 25% × 레벨 50%; 직업 20%; 부위 1/9"
"80","마법사","펜던트","80레벨 토벌자의 주술목걸이","용암 거신 / 재의 군주","일일 10%; 주간 25% × 레벨 50%; 직업 20%; 부위 1/9"
"90","마법사","무기","90레벨 토벌자의 완드","유령 기사 / 불멸의 왕","일일 10%; 주간 25% × 레벨 50%; 직업 20%; 부위 1/9"
"90","마법사","투구","90레벨 토벌자의 마법모자","유령 기사 / 불멸의 왕","일일 10%; 주간 25% × 레벨 50%; 직업 20%; 부위 1/9"
"90","마법사","갑옷","90레벨 토벌자의 로브","유령 기사 / 불멸의 왕","일일 10%; 주간 25% × 레벨 50%; 직업 20%; 부위 1/9"
"90","마법사","바지","90레벨 토벌자의 마법바지","유령 기사 / 불멸의 왕","일일 10%; 주간 25% × 레벨 50%; 직업 20%; 부위 1/9"
"90","마법사","장갑","90레벨 토벌자의 주문장갑","유령 기사 / 불멸의 왕","일일 10%; 주간 25% × 레벨 50%; 직업 20%; 부위 1/9"
"90","마법사","신발","90레벨 토벌자의 마법신","유령 기사 / 불멸의 왕","일일 10%; 주간 25% × 레벨 50%; 직업 20%; 부위 1/9"
"90","마법사","반지","90레벨 토벌자의 마력반지","유령 기사 / 불멸의 왕","일일 10%; 주간 25% × 레벨 50%; 직업 20%; 부위 1/9"
"90","마법사","귀걸이","90레벨 토벌자의 비전귀걸이","유령 기사 / 불멸의 왕","일일 10%; 주간 25% × 레벨 50%; 직업 20%; 부위 1/9"
"90","마법사","펜던트","90레벨 토벌자의 주술목걸이","유령 기사 / 불멸의 왕","일일 10%; 주간 25% × 레벨 50%; 직업 20%; 부위 1/9"
"100","마법사","무기","100레벨 토벌자의 완드","망령 여왕 / 불멸의 왕","일일 10%; 주간 25% × 레벨 50%; 직업 20%; 부위 1/9"
"100","마법사","투구","100레벨 토벌자의 마법모자","망령 여왕 / 불멸의 왕","일일 10%; 주간 25% × 레벨 50%; 직업 20%; 부위 1/9"
"100","마법사","갑옷","100레벨 토벌자의 로브","망령 여왕 / 불멸의 왕","일일 10%; 주간 25% × 레벨 50%; 직업 20%; 부위 1/9"
"100","마법사","바지","100레벨 토벌자의 마법바지","망령 여왕 / 불멸의 왕","일일 10%; 주간 25% × 레벨 50%; 직업 20%; 부위 1/9"
"100","마법사","장갑","100레벨 토벌자의 주문장갑","망령 여왕 / 불멸의 왕","일일 10%; 주간 25% × 레벨 50%; 직업 20%; 부위 1/9"
"100","마법사","신발","100레벨 토벌자의 마법신","망령 여왕 / 불멸의 왕","일일 10%; 주간 25% × 레벨 50%; 직업 20%; 부위 1/9"
"100","마법사","반지","100레벨 토벌자의 마력반지","망령 여왕 / 불멸의 왕","일일 10%; 주간 25% × 레벨 50%; 직업 20%; 부위 1/9"
"100","마법사","귀걸이","100레벨 토벌자의 비전귀걸이","망령 여왕 / 불멸의 왕","일일 10%; 주간 25% × 레벨 50%; 직업 20%; 부위 1/9"
"100","마법사","펜던트","100레벨 토벌자의 주술목걸이","망령 여왕 / 불멸의 왕","일일 10%; 주간 25% × 레벨 50%; 직업 20%; 부위 1/9"
"110","마법사","무기","110레벨 토벌자의 완드","설원 포식자 / 빙룡 이스라","일일 10%; 주간 25% × 레벨 50%; 직업 20%; 부위 1/9"
"110","마법사","투구","110레벨 토벌자의 마법모자","설원 포식자 / 빙룡 이스라","일일 10%; 주간 25% × 레벨 50%; 직업 20%; 부위 1/9"
"110","마법사","갑옷","110레벨 토벌자의 로브","설원 포식자 / 빙룡 이스라","일일 10%; 주간 25% × 레벨 50%; 직업 20%; 부위 1/9"
"110","마법사","바지","110레벨 토벌자의 마법바지","설원 포식자 / 빙룡 이스라","일일 10%; 주간 25% × 레벨 50%; 직업 20%; 부위 1/9"
"110","마법사","장갑","110레벨 토벌자의 주문장갑","설원 포식자 / 빙룡 이스라","일일 10%; 주간 25% × 레벨 50%; 직업 20%; 부위 1/9"
"110","마법사","신발","110레벨 토벌자의 마법신","설원 포식자 / 빙룡 이스라","일일 10%; 주간 25% × 레벨 50%; 직업 20%; 부위 1/9"
"110","마법사","반지","110레벨 토벌자의 마력반지","설원 포식자 / 빙룡 이스라","일일 10%; 주간 25% × 레벨 50%; 직업 20%; 부위 1/9"
"110","마법사","귀걸이","110레벨 토벌자의 비전귀걸이","설원 포식자 / 빙룡 이스라","일일 10%; 주간 25% × 레벨 50%; 직업 20%; 부위 1/9"
"110","마법사","펜던트","110레벨 토벌자의 주술목걸이","설원 포식자 / 빙룡 이스라","일일 10%; 주간 25% × 레벨 50%; 직업 20%; 부위 1/9"
"120","마법사","무기","120레벨 토벌자의 완드","빙결 마녀 / 빙룡 이스라","일일 10%; 주간 25% × 레벨 50%; 직업 20%; 부위 1/9"
"120","마법사","투구","120레벨 토벌자의 마법모자","빙결 마녀 / 빙룡 이스라","일일 10%; 주간 25% × 레벨 50%; 직업 20%; 부위 1/9"
"120","마법사","갑옷","120레벨 토벌자의 로브","빙결 마녀 / 빙룡 이스라","일일 10%; 주간 25% × 레벨 50%; 직업 20%; 부위 1/9"
"120","마법사","바지","120레벨 토벌자의 마법바지","빙결 마녀 / 빙룡 이스라","일일 10%; 주간 25% × 레벨 50%; 직업 20%; 부위 1/9"
"120","마법사","장갑","120레벨 토벌자의 주문장갑","빙결 마녀 / 빙룡 이스라","일일 10%; 주간 25% × 레벨 50%; 직업 20%; 부위 1/9"
"120","마법사","신발","120레벨 토벌자의 마법신","빙결 마녀 / 빙룡 이스라","일일 10%; 주간 25% × 레벨 50%; 직업 20%; 부위 1/9"
"120","마법사","반지","120레벨 토벌자의 마력반지","빙결 마녀 / 빙룡 이스라","일일 10%; 주간 25% × 레벨 50%; 직업 20%; 부위 1/9"
"120","마법사","귀걸이","120레벨 토벌자의 비전귀걸이","빙결 마녀 / 빙룡 이스라","일일 10%; 주간 25% × 레벨 50%; 직업 20%; 부위 1/9"
"120","마법사","펜던트","120레벨 토벌자의 주술목걸이","빙결 마녀 / 빙룡 이스라","일일 10%; 주간 25% × 레벨 50%; 직업 20%; 부위 1/9"
"130","마법사","무기","130레벨 토벌자의 완드","모래 군주 / 사막왕 라칸","일일 10%; 주간 25% × 레벨 50%; 직업 20%; 부위 1/9"
"130","마법사","투구","130레벨 토벌자의 마법모자","모래 군주 / 사막왕 라칸","일일 10%; 주간 25% × 레벨 50%; 직업 20%; 부위 1/9"
"130","마법사","갑옷","130레벨 토벌자의 로브","모래 군주 / 사막왕 라칸","일일 10%; 주간 25% × 레벨 50%; 직업 20%; 부위 1/9"
"130","마법사","바지","130레벨 토벌자의 마법바지","모래 군주 / 사막왕 라칸","일일 10%; 주간 25% × 레벨 50%; 직업 20%; 부위 1/9"
"130","마법사","장갑","130레벨 토벌자의 주문장갑","모래 군주 / 사막왕 라칸","일일 10%; 주간 25% × 레벨 50%; 직업 20%; 부위 1/9"
"130","마법사","신발","130레벨 토벌자의 마법신","모래 군주 / 사막왕 라칸","일일 10%; 주간 25% × 레벨 50%; 직업 20%; 부위 1/9"
"130","마법사","반지","130레벨 토벌자의 마력반지","모래 군주 / 사막왕 라칸","일일 10%; 주간 25% × 레벨 50%; 직업 20%; 부위 1/9"
"130","마법사","귀걸이","130레벨 토벌자의 비전귀걸이","모래 군주 / 사막왕 라칸","일일 10%; 주간 25% × 레벨 50%; 직업 20%; 부위 1/9"
"130","마법사","펜던트","130레벨 토벌자의 주술목걸이","모래 군주 / 사막왕 라칸","일일 10%; 주간 25% × 레벨 50%; 직업 20%; 부위 1/9"
"140","마법사","무기","140레벨 토벌자의 완드","태양 수호자 / 사막왕 라칸","일일 10%; 주간 25% × 레벨 50%; 직업 20%; 부위 1/9"
"140","마법사","투구","140레벨 토벌자의 마법모자","태양 수호자 / 사막왕 라칸","일일 10%; 주간 25% × 레벨 50%; 직업 20%; 부위 1/9"
"140","마법사","갑옷","140레벨 토벌자의 로브","태양 수호자 / 사막왕 라칸","일일 10%; 주간 25% × 레벨 50%; 직업 20%; 부위 1/9"
"140","마법사","바지","140레벨 토벌자의 마법바지","태양 수호자 / 사막왕 라칸","일일 10%; 주간 25% × 레벨 50%; 직업 20%; 부위 1/9"
"140","마법사","장갑","140레벨 토벌자의 주문장갑","태양 수호자 / 사막왕 라칸","일일 10%; 주간 25% × 레벨 50%; 직업 20%; 부위 1/9"
"140","마법사","신발","140레벨 토벌자의 마법신","태양 수호자 / 사막왕 라칸","일일 10%; 주간 25% × 레벨 50%; 직업 20%; 부위 1/9"
"140","마법사","반지","140레벨 토벌자의 마력반지","태양 수호자 / 사막왕 라칸","일일 10%; 주간 25% × 레벨 50%; 직업 20%; 부위 1/9"
"140","마법사","귀걸이","140레벨 토벌자의 비전귀걸이","태양 수호자 / 사막왕 라칸","일일 10%; 주간 25% × 레벨 50%; 직업 20%; 부위 1/9"
"140","마법사","펜던트","140레벨 토벌자의 주술목걸이","태양 수호자 / 사막왕 라칸","일일 10%; 주간 25% × 레벨 50%; 직업 20%; 부위 1/9"
"150","마법사","무기","150레벨 토벌자의 완드","타락한 사제 / 성역의 주인","일일 10%; 주간 25% × 레벨 50%; 직업 20%; 부위 1/9"
"150","마법사","투구","150레벨 토벌자의 마법모자","타락한 사제 / 성역의 주인","일일 10%; 주간 25% × 레벨 50%; 직업 20%; 부위 1/9"
"150","마법사","갑옷","150레벨 토벌자의 로브","타락한 사제 / 성역의 주인","일일 10%; 주간 25% × 레벨 50%; 직업 20%; 부위 1/9"
"150","마법사","바지","150레벨 토벌자의 마법바지","타락한 사제 / 성역의 주인","일일 10%; 주간 25% × 레벨 50%; 직업 20%; 부위 1/9"
"150","마법사","장갑","150레벨 토벌자의 주문장갑","타락한 사제 / 성역의 주인","일일 10%; 주간 25% × 레벨 50%; 직업 20%; 부위 1/9"
"150","마법사","신발","150레벨 토벌자의 마법신","타락한 사제 / 성역의 주인","일일 10%; 주간 25% × 레벨 50%; 직업 20%; 부위 1/9"
"150","마법사","반지","150레벨 토벌자의 마력반지","타락한 사제 / 성역의 주인","일일 10%; 주간 25% × 레벨 50%; 직업 20%; 부위 1/9"
"150","마법사","귀걸이","150레벨 토벌자의 비전귀걸이","타락한 사제 / 성역의 주인","일일 10%; 주간 25% × 레벨 50%; 직업 20%; 부위 1/9"
"150","마법사","펜던트","150레벨 토벌자의 주술목걸이","타락한 사제 / 성역의 주인","일일 10%; 주간 25% × 레벨 50%; 직업 20%; 부위 1/9"
"160","마법사","무기","160레벨 토벌자의 완드","천공 심판자 / 성역의 주인","일일 10%; 주간 25% × 레벨 50%; 직업 20%; 부위 1/9"
"160","마법사","투구","160레벨 토벌자의 마법모자","천공 심판자 / 성역의 주인","일일 10%; 주간 25% × 레벨 50%; 직업 20%; 부위 1/9"
"160","마법사","갑옷","160레벨 토벌자의 로브","천공 심판자 / 성역의 주인","일일 10%; 주간 25% × 레벨 50%; 직업 20%; 부위 1/9"
"160","마법사","바지","160레벨 토벌자의 마법바지","천공 심판자 / 성역의 주인","일일 10%; 주간 25% × 레벨 50%; 직업 20%; 부위 1/9"
"160","마법사","장갑","160레벨 토벌자의 주문장갑","천공 심판자 / 성역의 주인","일일 10%; 주간 25% × 레벨 50%; 직업 20%; 부위 1/9"
"160","마법사","신발","160레벨 토벌자의 마법신","천공 심판자 / 성역의 주인","일일 10%; 주간 25% × 레벨 50%; 직업 20%; 부위 1/9"
"160","마법사","반지","160레벨 토벌자의 마력반지","천공 심판자 / 성역의 주인","일일 10%; 주간 25% × 레벨 50%; 직업 20%; 부위 1/9"
"160","마법사","귀걸이","160레벨 토벌자의 비전귀걸이","천공 심판자 / 성역의 주인","일일 10%; 주간 25% × 레벨 50%; 직업 20%; 부위 1/9"
"160","마법사","펜던트","160레벨 토벌자의 주술목걸이","천공 심판자 / 성역의 주인","일일 10%; 주간 25% × 레벨 50%; 직업 20%; 부위 1/9"
"170","마법사","무기","170레벨 토벌자의 완드","시계 거인 / 시간왕 크로노스","일일 10%; 주간 25% × 레벨 50%; 직업 20%; 부위 1/9"
"170","마법사","투구","170레벨 토벌자의 마법모자","시계 거인 / 시간왕 크로노스","일일 10%; 주간 25% × 레벨 50%; 직업 20%; 부위 1/9"
"170","마법사","갑옷","170레벨 토벌자의 로브","시계 거인 / 시간왕 크로노스","일일 10%; 주간 25% × 레벨 50%; 직업 20%; 부위 1/9"
"170","마법사","바지","170레벨 토벌자의 마법바지","시계 거인 / 시간왕 크로노스","일일 10%; 주간 25% × 레벨 50%; 직업 20%; 부위 1/9"
"170","마법사","장갑","170레벨 토벌자의 주문장갑","시계 거인 / 시간왕 크로노스","일일 10%; 주간 25% × 레벨 50%; 직업 20%; 부위 1/9"
"170","마법사","신발","170레벨 토벌자의 마법신","시계 거인 / 시간왕 크로노스","일일 10%; 주간 25% × 레벨 50%; 직업 20%; 부위 1/9"
"170","마법사","반지","170레벨 토벌자의 마력반지","시계 거인 / 시간왕 크로노스","일일 10%; 주간 25% × 레벨 50%; 직업 20%; 부위 1/9"
"170","마법사","귀걸이","170레벨 토벌자의 비전귀걸이","시계 거인 / 시간왕 크로노스","일일 10%; 주간 25% × 레벨 50%; 직업 20%; 부위 1/9"
"170","마법사","펜던트","170레벨 토벌자의 주술목걸이","시계 거인 / 시간왕 크로노스","일일 10%; 주간 25% × 레벨 50%; 직업 20%; 부위 1/9"
"180","마법사","무기","180레벨 토벌자의 완드","균열의 군주 / 시간왕 크로노스","일일 10%; 주간 25% × 레벨 50%; 직업 20%; 부위 1/9"
"180","마법사","투구","180레벨 토벌자의 마법모자","균열의 군주 / 시간왕 크로노스","일일 10%; 주간 25% × 레벨 50%; 직업 20%; 부위 1/9"
"180","마법사","갑옷","180레벨 토벌자의 로브","균열의 군주 / 시간왕 크로노스","일일 10%; 주간 25% × 레벨 50%; 직업 20%; 부위 1/9"
"180","마법사","바지","180레벨 토벌자의 마법바지","균열의 군주 / 시간왕 크로노스","일일 10%; 주간 25% × 레벨 50%; 직업 20%; 부위 1/9"
"180","마법사","장갑","180레벨 토벌자의 주문장갑","균열의 군주 / 시간왕 크로노스","일일 10%; 주간 25% × 레벨 50%; 직업 20%; 부위 1/9"
"180","마법사","신발","180레벨 토벌자의 마법신","균열의 군주 / 시간왕 크로노스","일일 10%; 주간 25% × 레벨 50%; 직업 20%; 부위 1/9"
"180","마법사","반지","180레벨 토벌자의 마력반지","균열의 군주 / 시간왕 크로노스","일일 10%; 주간 25% × 레벨 50%; 직업 20%; 부위 1/9"
"180","마법사","귀걸이","180레벨 토벌자의 비전귀걸이","균열의 군주 / 시간왕 크로노스","일일 10%; 주간 25% × 레벨 50%; 직업 20%; 부위 1/9"
"180","마법사","펜던트","180레벨 토벌자의 주술목걸이","균열의 군주 / 시간왕 크로노스","일일 10%; 주간 25% × 레벨 50%; 직업 20%; 부위 1/9"
"190","마법사","무기","190레벨 토벌자의 완드","심연 기사 / 멸신왕 벨제리온","일일 10%; 주간 25% × 레벨 50%; 직업 20%; 부위 1/9"
"190","마법사","투구","190레벨 토벌자의 마법모자","심연 기사 / 멸신왕 벨제리온","일일 10%; 주간 25% × 레벨 50%; 직업 20%; 부위 1/9"
"190","마법사","갑옷","190레벨 토벌자의 로브","심연 기사 / 멸신왕 벨제리온","일일 10%; 주간 25% × 레벨 50%; 직업 20%; 부위 1/9"
"190","마법사","바지","190레벨 토벌자의 마법바지","심연 기사 / 멸신왕 벨제리온","일일 10%; 주간 25% × 레벨 50%; 직업 20%; 부위 1/9"
"190","마법사","장갑","190레벨 토벌자의 주문장갑","심연 기사 / 멸신왕 벨제리온","일일 10%; 주간 25% × 레벨 50%; 직업 20%; 부위 1/9"
"190","마법사","신발","190레벨 토벌자의 마법신","심연 기사 / 멸신왕 벨제리온","일일 10%; 주간 25% × 레벨 50%; 직업 20%; 부위 1/9"
"190","마법사","반지","190레벨 토벌자의 마력반지","심연 기사 / 멸신왕 벨제리온","일일 10%; 주간 25% × 레벨 50%; 직업 20%; 부위 1/9"
"190","마법사","귀걸이","190레벨 토벌자의 비전귀걸이","심연 기사 / 멸신왕 벨제리온","일일 10%; 주간 25% × 레벨 50%; 직업 20%; 부위 1/9"
"190","마법사","펜던트","190레벨 토벌자의 주술목걸이","심연 기사 / 멸신왕 벨제리온","일일 10%; 주간 25% × 레벨 50%; 직업 20%; 부위 1/9"
"200","마법사","무기","200레벨 토벌자의 완드","공허 포식자 / 멸신왕 벨제리온","일일 10%; 주간 25% × 레벨 50%; 직업 20%; 부위 1/9"
"200","마법사","투구","200레벨 토벌자의 마법모자","공허 포식자 / 멸신왕 벨제리온","일일 10%; 주간 25% × 레벨 50%; 직업 20%; 부위 1/9"
"200","마법사","갑옷","200레벨 토벌자의 로브","공허 포식자 / 멸신왕 벨제리온","일일 10%; 주간 25% × 레벨 50%; 직업 20%; 부위 1/9"
"200","마법사","바지","200레벨 토벌자의 마법바지","공허 포식자 / 멸신왕 벨제리온","일일 10%; 주간 25% × 레벨 50%; 직업 20%; 부위 1/9"
"200","마법사","장갑","200레벨 토벌자의 주문장갑","공허 포식자 / 멸신왕 벨제리온","일일 10%; 주간 25% × 레벨 50%; 직업 20%; 부위 1/9"
"200","마법사","신발","200레벨 토벌자의 마법신","공허 포식자 / 멸신왕 벨제리온","일일 10%; 주간 25% × 레벨 50%; 직업 20%; 부위 1/9"
"200","마법사","반지","200레벨 토벌자의 마력반지","공허 포식자 / 멸신왕 벨제리온","일일 10%; 주간 25% × 레벨 50%; 직업 20%; 부위 1/9"
"200","마법사","귀걸이","200레벨 토벌자의 비전귀걸이","공허 포식자 / 멸신왕 벨제리온","일일 10%; 주간 25% × 레벨 50%; 직업 20%; 부위 1/9"
"200","마법사","펜던트","200레벨 토벌자의 주술목걸이","공허 포식자 / 멸신왕 벨제리온","일일 10%; 주간 25% × 레벨 50%; 직업 20%; 부위 1/9"
"10","궁수","무기","10레벨 토벌자의 장궁","초목왕 모루 / 들판의 군주","일일 10%; 주간 25% × 레벨 50%; 직업 20%; 부위 1/9"
"10","궁수","투구","10레벨 토벌자의 깃털모자","초목왕 모루 / 들판의 군주","일일 10%; 주간 25% × 레벨 50%; 직업 20%; 부위 1/9"
"10","궁수","갑옷","10레벨 토벌자의 사냥조끼","초목왕 모루 / 들판의 군주","일일 10%; 주간 25% × 레벨 50%; 직업 20%; 부위 1/9"
"10","궁수","바지","10레벨 토벌자의 정찰바지","초목왕 모루 / 들판의 군주","일일 10%; 주간 25% × 레벨 50%; 직업 20%; 부위 1/9"
"10","궁수","장갑","10레벨 토벌자의 궁수장갑","초목왕 모루 / 들판의 군주","일일 10%; 주간 25% × 레벨 50%; 직업 20%; 부위 1/9"
"10","궁수","신발","10레벨 토벌자의 숲길장화","초목왕 모루 / 들판의 군주","일일 10%; 주간 25% × 레벨 50%; 직업 20%; 부위 1/9"
"10","궁수","반지","10레벨 토벌자의 명중반지","초목왕 모루 / 들판의 군주","일일 10%; 주간 25% × 레벨 50%; 직업 20%; 부위 1/9"
"10","궁수","귀걸이","10레벨 토벌자의 깃털귀걸이","초목왕 모루 / 들판의 군주","일일 10%; 주간 25% × 레벨 50%; 직업 20%; 부위 1/9"
"10","궁수","펜던트","10레벨 토벌자의 추적목걸이","초목왕 모루 / 들판의 군주","일일 10%; 주간 25% × 레벨 50%; 직업 20%; 부위 1/9"
"20","궁수","무기","20레벨 토벌자의 장궁","거목 수호자 / 들판의 군주","일일 10%; 주간 25% × 레벨 50%; 직업 20%; 부위 1/9"
"20","궁수","투구","20레벨 토벌자의 깃털모자","거목 수호자 / 들판의 군주","일일 10%; 주간 25% × 레벨 50%; 직업 20%; 부위 1/9"
"20","궁수","갑옷","20레벨 토벌자의 사냥조끼","거목 수호자 / 들판의 군주","일일 10%; 주간 25% × 레벨 50%; 직업 20%; 부위 1/9"
"20","궁수","바지","20레벨 토벌자의 정찰바지","거목 수호자 / 들판의 군주","일일 10%; 주간 25% × 레벨 50%; 직업 20%; 부위 1/9"
"20","궁수","장갑","20레벨 토벌자의 궁수장갑","거목 수호자 / 들판의 군주","일일 10%; 주간 25% × 레벨 50%; 직업 20%; 부위 1/9"
"20","궁수","신발","20레벨 토벌자의 숲길장화","거목 수호자 / 들판의 군주","일일 10%; 주간 25% × 레벨 50%; 직업 20%; 부위 1/9"
"20","궁수","반지","20레벨 토벌자의 명중반지","거목 수호자 / 들판의 군주","일일 10%; 주간 25% × 레벨 50%; 직업 20%; 부위 1/9"
"20","궁수","귀걸이","20레벨 토벌자의 깃털귀걸이","거목 수호자 / 들판의 군주","일일 10%; 주간 25% × 레벨 50%; 직업 20%; 부위 1/9"
"20","궁수","펜던트","20레벨 토벌자의 추적목걸이","거목 수호자 / 들판의 군주","일일 10%; 주간 25% × 레벨 50%; 직업 20%; 부위 1/9"
"30","궁수","무기","30레벨 토벌자의 장궁","달그림자 루엔 / 월광 사슴왕","일일 10%; 주간 25% × 레벨 50%; 직업 20%; 부위 1/9"
"30","궁수","투구","30레벨 토벌자의 깃털모자","달그림자 루엔 / 월광 사슴왕","일일 10%; 주간 25% × 레벨 50%; 직업 20%; 부위 1/9"
"30","궁수","갑옷","30레벨 토벌자의 사냥조끼","달그림자 루엔 / 월광 사슴왕","일일 10%; 주간 25% × 레벨 50%; 직업 20%; 부위 1/9"
"30","궁수","바지","30레벨 토벌자의 정찰바지","달그림자 루엔 / 월광 사슴왕","일일 10%; 주간 25% × 레벨 50%; 직업 20%; 부위 1/9"
"30","궁수","장갑","30레벨 토벌자의 궁수장갑","달그림자 루엔 / 월광 사슴왕","일일 10%; 주간 25% × 레벨 50%; 직업 20%; 부위 1/9"
"30","궁수","신발","30레벨 토벌자의 숲길장화","달그림자 루엔 / 월광 사슴왕","일일 10%; 주간 25% × 레벨 50%; 직업 20%; 부위 1/9"
"30","궁수","반지","30레벨 토벌자의 명중반지","달그림자 루엔 / 월광 사슴왕","일일 10%; 주간 25% × 레벨 50%; 직업 20%; 부위 1/9"
"30","궁수","귀걸이","30레벨 토벌자의 깃털귀걸이","달그림자 루엔 / 월광 사슴왕","일일 10%; 주간 25% × 레벨 50%; 직업 20%; 부위 1/9"
"30","궁수","펜던트","30레벨 토벌자의 추적목걸이","달그림자 루엔 / 월광 사슴왕","일일 10%; 주간 25% × 레벨 50%; 직업 20%; 부위 1/9"
"40","궁수","무기","40레벨 토벌자의 장궁","고목왕 아르벨 / 월광 사슴왕","일일 10%; 주간 25% × 레벨 50%; 직업 20%; 부위 1/9"
"40","궁수","투구","40레벨 토벌자의 깃털모자","고목왕 아르벨 / 월광 사슴왕","일일 10%; 주간 25% × 레벨 50%; 직업 20%; 부위 1/9"
"40","궁수","갑옷","40레벨 토벌자의 사냥조끼","고목왕 아르벨 / 월광 사슴왕","일일 10%; 주간 25% × 레벨 50%; 직업 20%; 부위 1/9"
"40","궁수","바지","40레벨 토벌자의 정찰바지","고목왕 아르벨 / 월광 사슴왕","일일 10%; 주간 25% × 레벨 50%; 직업 20%; 부위 1/9"
"40","궁수","장갑","40레벨 토벌자의 궁수장갑","고목왕 아르벨 / 월광 사슴왕","일일 10%; 주간 25% × 레벨 50%; 직업 20%; 부위 1/9"
"40","궁수","신발","40레벨 토벌자의 숲길장화","고목왕 아르벨 / 월광 사슴왕","일일 10%; 주간 25% × 레벨 50%; 직업 20%; 부위 1/9"
"40","궁수","반지","40레벨 토벌자의 명중반지","고목왕 아르벨 / 월광 사슴왕","일일 10%; 주간 25% × 레벨 50%; 직업 20%; 부위 1/9"
"40","궁수","귀걸이","40레벨 토벌자의 깃털귀걸이","고목왕 아르벨 / 월광 사슴왕","일일 10%; 주간 25% × 레벨 50%; 직업 20%; 부위 1/9"
"40","궁수","펜던트","40레벨 토벌자의 추적목걸이","고목왕 아르벨 / 월광 사슴왕","일일 10%; 주간 25% × 레벨 50%; 직업 20%; 부위 1/9"
"50","궁수","무기","50레벨 토벌자의 장궁","강철 거인 / 광산왕 크로투스","일일 10%; 주간 25% × 레벨 50%; 직업 20%; 부위 1/9"
"50","궁수","투구","50레벨 토벌자의 깃털모자","강철 거인 / 광산왕 크로투스","일일 10%; 주간 25% × 레벨 50%; 직업 20%; 부위 1/9"
"50","궁수","갑옷","50레벨 토벌자의 사냥조끼","강철 거인 / 광산왕 크로투스","일일 10%; 주간 25% × 레벨 50%; 직업 20%; 부위 1/9"
"50","궁수","바지","50레벨 토벌자의 정찰바지","강철 거인 / 광산왕 크로투스","일일 10%; 주간 25% × 레벨 50%; 직업 20%; 부위 1/9"
"50","궁수","장갑","50레벨 토벌자의 궁수장갑","강철 거인 / 광산왕 크로투스","일일 10%; 주간 25% × 레벨 50%; 직업 20%; 부위 1/9"
"50","궁수","신발","50레벨 토벌자의 숲길장화","강철 거인 / 광산왕 크로투스","일일 10%; 주간 25% × 레벨 50%; 직업 20%; 부위 1/9"
"50","궁수","반지","50레벨 토벌자의 명중반지","강철 거인 / 광산왕 크로투스","일일 10%; 주간 25% × 레벨 50%; 직업 20%; 부위 1/9"
"50","궁수","귀걸이","50레벨 토벌자의 깃털귀걸이","강철 거인 / 광산왕 크로투스","일일 10%; 주간 25% × 레벨 50%; 직업 20%; 부위 1/9"
"50","궁수","펜던트","50레벨 토벌자의 추적목걸이","강철 거인 / 광산왕 크로투스","일일 10%; 주간 25% × 레벨 50%; 직업 20%; 부위 1/9"
"60","궁수","무기","60레벨 토벌자의 장궁","수정 포식자 / 광산왕 크로투스","일일 10%; 주간 25% × 레벨 50%; 직업 20%; 부위 1/9"
"60","궁수","투구","60레벨 토벌자의 깃털모자","수정 포식자 / 광산왕 크로투스","일일 10%; 주간 25% × 레벨 50%; 직업 20%; 부위 1/9"
"60","궁수","갑옷","60레벨 토벌자의 사냥조끼","수정 포식자 / 광산왕 크로투스","일일 10%; 주간 25% × 레벨 50%; 직업 20%; 부위 1/9"
"60","궁수","바지","60레벨 토벌자의 정찰바지","수정 포식자 / 광산왕 크로투스","일일 10%; 주간 25% × 레벨 50%; 직업 20%; 부위 1/9"
"60","궁수","장갑","60레벨 토벌자의 궁수장갑","수정 포식자 / 광산왕 크로투스","일일 10%; 주간 25% × 레벨 50%; 직업 20%; 부위 1/9"
"60","궁수","신발","60레벨 토벌자의 숲길장화","수정 포식자 / 광산왕 크로투스","일일 10%; 주간 25% × 레벨 50%; 직업 20%; 부위 1/9"
"60","궁수","반지","60레벨 토벌자의 명중반지","수정 포식자 / 광산왕 크로투스","일일 10%; 주간 25% × 레벨 50%; 직업 20%; 부위 1/9"
"60","궁수","귀걸이","60레벨 토벌자의 깃털귀걸이","수정 포식자 / 광산왕 크로투스","일일 10%; 주간 25% × 레벨 50%; 직업 20%; 부위 1/9"
"60","궁수","펜던트","60레벨 토벌자의 추적목걸이","수정 포식자 / 광산왕 크로투스","일일 10%; 주간 25% × 레벨 50%; 직업 20%; 부위 1/9"
"70","궁수","무기","70레벨 토벌자의 장궁","화염 사냥개 / 재의 군주","일일 10%; 주간 25% × 레벨 50%; 직업 20%; 부위 1/9"
"70","궁수","투구","70레벨 토벌자의 깃털모자","화염 사냥개 / 재의 군주","일일 10%; 주간 25% × 레벨 50%; 직업 20%; 부위 1/9"
"70","궁수","갑옷","70레벨 토벌자의 사냥조끼","화염 사냥개 / 재의 군주","일일 10%; 주간 25% × 레벨 50%; 직업 20%; 부위 1/9"
"70","궁수","바지","70레벨 토벌자의 정찰바지","화염 사냥개 / 재의 군주","일일 10%; 주간 25% × 레벨 50%; 직업 20%; 부위 1/9"
"70","궁수","장갑","70레벨 토벌자의 궁수장갑","화염 사냥개 / 재의 군주","일일 10%; 주간 25% × 레벨 50%; 직업 20%; 부위 1/9"
"70","궁수","신발","70레벨 토벌자의 숲길장화","화염 사냥개 / 재의 군주","일일 10%; 주간 25% × 레벨 50%; 직업 20%; 부위 1/9"
"70","궁수","반지","70레벨 토벌자의 명중반지","화염 사냥개 / 재의 군주","일일 10%; 주간 25% × 레벨 50%; 직업 20%; 부위 1/9"
"70","궁수","귀걸이","70레벨 토벌자의 깃털귀걸이","화염 사냥개 / 재의 군주","일일 10%; 주간 25% × 레벨 50%; 직업 20%; 부위 1/9"
"70","궁수","펜던트","70레벨 토벌자의 추적목걸이","화염 사냥개 / 재의 군주","일일 10%; 주간 25% × 레벨 50%; 직업 20%; 부위 1/9"
"80","궁수","무기","80레벨 토벌자의 장궁","용암 거신 / 재의 군주","일일 10%; 주간 25% × 레벨 50%; 직업 20%; 부위 1/9"
"80","궁수","투구","80레벨 토벌자의 깃털모자","용암 거신 / 재의 군주","일일 10%; 주간 25% × 레벨 50%; 직업 20%; 부위 1/9"
"80","궁수","갑옷","80레벨 토벌자의 사냥조끼","용암 거신 / 재의 군주","일일 10%; 주간 25% × 레벨 50%; 직업 20%; 부위 1/9"
"80","궁수","바지","80레벨 토벌자의 정찰바지","용암 거신 / 재의 군주","일일 10%; 주간 25% × 레벨 50%; 직업 20%; 부위 1/9"
"80","궁수","장갑","80레벨 토벌자의 궁수장갑","용암 거신 / 재의 군주","일일 10%; 주간 25% × 레벨 50%; 직업 20%; 부위 1/9"
"80","궁수","신발","80레벨 토벌자의 숲길장화","용암 거신 / 재의 군주","일일 10%; 주간 25% × 레벨 50%; 직업 20%; 부위 1/9"
"80","궁수","반지","80레벨 토벌자의 명중반지","용암 거신 / 재의 군주","일일 10%; 주간 25% × 레벨 50%; 직업 20%; 부위 1/9"
"80","궁수","귀걸이","80레벨 토벌자의 깃털귀걸이","용암 거신 / 재의 군주","일일 10%; 주간 25% × 레벨 50%; 직업 20%; 부위 1/9"
"80","궁수","펜던트","80레벨 토벌자의 추적목걸이","용암 거신 / 재의 군주","일일 10%; 주간 25% × 레벨 50%; 직업 20%; 부위 1/9"
"90","궁수","무기","90레벨 토벌자의 장궁","유령 기사 / 불멸의 왕","일일 10%; 주간 25% × 레벨 50%; 직업 20%; 부위 1/9"
"90","궁수","투구","90레벨 토벌자의 깃털모자","유령 기사 / 불멸의 왕","일일 10%; 주간 25% × 레벨 50%; 직업 20%; 부위 1/9"
"90","궁수","갑옷","90레벨 토벌자의 사냥조끼","유령 기사 / 불멸의 왕","일일 10%; 주간 25% × 레벨 50%; 직업 20%; 부위 1/9"
"90","궁수","바지","90레벨 토벌자의 정찰바지","유령 기사 / 불멸의 왕","일일 10%; 주간 25% × 레벨 50%; 직업 20%; 부위 1/9"
"90","궁수","장갑","90레벨 토벌자의 궁수장갑","유령 기사 / 불멸의 왕","일일 10%; 주간 25% × 레벨 50%; 직업 20%; 부위 1/9"
"90","궁수","신발","90레벨 토벌자의 숲길장화","유령 기사 / 불멸의 왕","일일 10%; 주간 25% × 레벨 50%; 직업 20%; 부위 1/9"
"90","궁수","반지","90레벨 토벌자의 명중반지","유령 기사 / 불멸의 왕","일일 10%; 주간 25% × 레벨 50%; 직업 20%; 부위 1/9"
"90","궁수","귀걸이","90레벨 토벌자의 깃털귀걸이","유령 기사 / 불멸의 왕","일일 10%; 주간 25% × 레벨 50%; 직업 20%; 부위 1/9"
"90","궁수","펜던트","90레벨 토벌자의 추적목걸이","유령 기사 / 불멸의 왕","일일 10%; 주간 25% × 레벨 50%; 직업 20%; 부위 1/9"
"100","궁수","무기","100레벨 토벌자의 장궁","망령 여왕 / 불멸의 왕","일일 10%; 주간 25% × 레벨 50%; 직업 20%; 부위 1/9"
"100","궁수","투구","100레벨 토벌자의 깃털모자","망령 여왕 / 불멸의 왕","일일 10%; 주간 25% × 레벨 50%; 직업 20%; 부위 1/9"
"100","궁수","갑옷","100레벨 토벌자의 사냥조끼","망령 여왕 / 불멸의 왕","일일 10%; 주간 25% × 레벨 50%; 직업 20%; 부위 1/9"
"100","궁수","바지","100레벨 토벌자의 정찰바지","망령 여왕 / 불멸의 왕","일일 10%; 주간 25% × 레벨 50%; 직업 20%; 부위 1/9"
"100","궁수","장갑","100레벨 토벌자의 궁수장갑","망령 여왕 / 불멸의 왕","일일 10%; 주간 25% × 레벨 50%; 직업 20%; 부위 1/9"
"100","궁수","신발","100레벨 토벌자의 숲길장화","망령 여왕 / 불멸의 왕","일일 10%; 주간 25% × 레벨 50%; 직업 20%; 부위 1/9"
"100","궁수","반지","100레벨 토벌자의 명중반지","망령 여왕 / 불멸의 왕","일일 10%; 주간 25% × 레벨 50%; 직업 20%; 부위 1/9"
"100","궁수","귀걸이","100레벨 토벌자의 깃털귀걸이","망령 여왕 / 불멸의 왕","일일 10%; 주간 25% × 레벨 50%; 직업 20%; 부위 1/9"
"100","궁수","펜던트","100레벨 토벌자의 추적목걸이","망령 여왕 / 불멸의 왕","일일 10%; 주간 25% × 레벨 50%; 직업 20%; 부위 1/9"
"110","궁수","무기","110레벨 토벌자의 장궁","설원 포식자 / 빙룡 이스라","일일 10%; 주간 25% × 레벨 50%; 직업 20%; 부위 1/9"
"110","궁수","투구","110레벨 토벌자의 깃털모자","설원 포식자 / 빙룡 이스라","일일 10%; 주간 25% × 레벨 50%; 직업 20%; 부위 1/9"
"110","궁수","갑옷","110레벨 토벌자의 사냥조끼","설원 포식자 / 빙룡 이스라","일일 10%; 주간 25% × 레벨 50%; 직업 20%; 부위 1/9"
"110","궁수","바지","110레벨 토벌자의 정찰바지","설원 포식자 / 빙룡 이스라","일일 10%; 주간 25% × 레벨 50%; 직업 20%; 부위 1/9"
"110","궁수","장갑","110레벨 토벌자의 궁수장갑","설원 포식자 / 빙룡 이스라","일일 10%; 주간 25% × 레벨 50%; 직업 20%; 부위 1/9"
"110","궁수","신발","110레벨 토벌자의 숲길장화","설원 포식자 / 빙룡 이스라","일일 10%; 주간 25% × 레벨 50%; 직업 20%; 부위 1/9"
"110","궁수","반지","110레벨 토벌자의 명중반지","설원 포식자 / 빙룡 이스라","일일 10%; 주간 25% × 레벨 50%; 직업 20%; 부위 1/9"
"110","궁수","귀걸이","110레벨 토벌자의 깃털귀걸이","설원 포식자 / 빙룡 이스라","일일 10%; 주간 25% × 레벨 50%; 직업 20%; 부위 1/9"
"110","궁수","펜던트","110레벨 토벌자의 추적목걸이","설원 포식자 / 빙룡 이스라","일일 10%; 주간 25% × 레벨 50%; 직업 20%; 부위 1/9"
"120","궁수","무기","120레벨 토벌자의 장궁","빙결 마녀 / 빙룡 이스라","일일 10%; 주간 25% × 레벨 50%; 직업 20%; 부위 1/9"
"120","궁수","투구","120레벨 토벌자의 깃털모자","빙결 마녀 / 빙룡 이스라","일일 10%; 주간 25% × 레벨 50%; 직업 20%; 부위 1/9"
"120","궁수","갑옷","120레벨 토벌자의 사냥조끼","빙결 마녀 / 빙룡 이스라","일일 10%; 주간 25% × 레벨 50%; 직업 20%; 부위 1/9"
"120","궁수","바지","120레벨 토벌자의 정찰바지","빙결 마녀 / 빙룡 이스라","일일 10%; 주간 25% × 레벨 50%; 직업 20%; 부위 1/9"
"120","궁수","장갑","120레벨 토벌자의 궁수장갑","빙결 마녀 / 빙룡 이스라","일일 10%; 주간 25% × 레벨 50%; 직업 20%; 부위 1/9"
"120","궁수","신발","120레벨 토벌자의 숲길장화","빙결 마녀 / 빙룡 이스라","일일 10%; 주간 25% × 레벨 50%; 직업 20%; 부위 1/9"
"120","궁수","반지","120레벨 토벌자의 명중반지","빙결 마녀 / 빙룡 이스라","일일 10%; 주간 25% × 레벨 50%; 직업 20%; 부위 1/9"
"120","궁수","귀걸이","120레벨 토벌자의 깃털귀걸이","빙결 마녀 / 빙룡 이스라","일일 10%; 주간 25% × 레벨 50%; 직업 20%; 부위 1/9"
"120","궁수","펜던트","120레벨 토벌자의 추적목걸이","빙결 마녀 / 빙룡 이스라","일일 10%; 주간 25% × 레벨 50%; 직업 20%; 부위 1/9"
"130","궁수","무기","130레벨 토벌자의 장궁","모래 군주 / 사막왕 라칸","일일 10%; 주간 25% × 레벨 50%; 직업 20%; 부위 1/9"
"130","궁수","투구","130레벨 토벌자의 깃털모자","모래 군주 / 사막왕 라칸","일일 10%; 주간 25% × 레벨 50%; 직업 20%; 부위 1/9"
"130","궁수","갑옷","130레벨 토벌자의 사냥조끼","모래 군주 / 사막왕 라칸","일일 10%; 주간 25% × 레벨 50%; 직업 20%; 부위 1/9"
"130","궁수","바지","130레벨 토벌자의 정찰바지","모래 군주 / 사막왕 라칸","일일 10%; 주간 25% × 레벨 50%; 직업 20%; 부위 1/9"
"130","궁수","장갑","130레벨 토벌자의 궁수장갑","모래 군주 / 사막왕 라칸","일일 10%; 주간 25% × 레벨 50%; 직업 20%; 부위 1/9"
"130","궁수","신발","130레벨 토벌자의 숲길장화","모래 군주 / 사막왕 라칸","일일 10%; 주간 25% × 레벨 50%; 직업 20%; 부위 1/9"
"130","궁수","반지","130레벨 토벌자의 명중반지","모래 군주 / 사막왕 라칸","일일 10%; 주간 25% × 레벨 50%; 직업 20%; 부위 1/9"
"130","궁수","귀걸이","130레벨 토벌자의 깃털귀걸이","모래 군주 / 사막왕 라칸","일일 10%; 주간 25% × 레벨 50%; 직업 20%; 부위 1/9"
"130","궁수","펜던트","130레벨 토벌자의 추적목걸이","모래 군주 / 사막왕 라칸","일일 10%; 주간 25% × 레벨 50%; 직업 20%; 부위 1/9"
"140","궁수","무기","140레벨 토벌자의 장궁","태양 수호자 / 사막왕 라칸","일일 10%; 주간 25% × 레벨 50%; 직업 20%; 부위 1/9"
"140","궁수","투구","140레벨 토벌자의 깃털모자","태양 수호자 / 사막왕 라칸","일일 10%; 주간 25% × 레벨 50%; 직업 20%; 부위 1/9"
"140","궁수","갑옷","140레벨 토벌자의 사냥조끼","태양 수호자 / 사막왕 라칸","일일 10%; 주간 25% × 레벨 50%; 직업 20%; 부위 1/9"
"140","궁수","바지","140레벨 토벌자의 정찰바지","태양 수호자 / 사막왕 라칸","일일 10%; 주간 25% × 레벨 50%; 직업 20%; 부위 1/9"
"140","궁수","장갑","140레벨 토벌자의 궁수장갑","태양 수호자 / 사막왕 라칸","일일 10%; 주간 25% × 레벨 50%; 직업 20%; 부위 1/9"
"140","궁수","신발","140레벨 토벌자의 숲길장화","태양 수호자 / 사막왕 라칸","일일 10%; 주간 25% × 레벨 50%; 직업 20%; 부위 1/9"
"140","궁수","반지","140레벨 토벌자의 명중반지","태양 수호자 / 사막왕 라칸","일일 10%; 주간 25% × 레벨 50%; 직업 20%; 부위 1/9"
"140","궁수","귀걸이","140레벨 토벌자의 깃털귀걸이","태양 수호자 / 사막왕 라칸","일일 10%; 주간 25% × 레벨 50%; 직업 20%; 부위 1/9"
"140","궁수","펜던트","140레벨 토벌자의 추적목걸이","태양 수호자 / 사막왕 라칸","일일 10%; 주간 25% × 레벨 50%; 직업 20%; 부위 1/9"
"150","궁수","무기","150레벨 토벌자의 장궁","타락한 사제 / 성역의 주인","일일 10%; 주간 25% × 레벨 50%; 직업 20%; 부위 1/9"
"150","궁수","투구","150레벨 토벌자의 깃털모자","타락한 사제 / 성역의 주인","일일 10%; 주간 25% × 레벨 50%; 직업 20%; 부위 1/9"
"150","궁수","갑옷","150레벨 토벌자의 사냥조끼","타락한 사제 / 성역의 주인","일일 10%; 주간 25% × 레벨 50%; 직업 20%; 부위 1/9"
"150","궁수","바지","150레벨 토벌자의 정찰바지","타락한 사제 / 성역의 주인","일일 10%; 주간 25% × 레벨 50%; 직업 20%; 부위 1/9"
"150","궁수","장갑","150레벨 토벌자의 궁수장갑","타락한 사제 / 성역의 주인","일일 10%; 주간 25% × 레벨 50%; 직업 20%; 부위 1/9"
"150","궁수","신발","150레벨 토벌자의 숲길장화","타락한 사제 / 성역의 주인","일일 10%; 주간 25% × 레벨 50%; 직업 20%; 부위 1/9"
"150","궁수","반지","150레벨 토벌자의 명중반지","타락한 사제 / 성역의 주인","일일 10%; 주간 25% × 레벨 50%; 직업 20%; 부위 1/9"
"150","궁수","귀걸이","150레벨 토벌자의 깃털귀걸이","타락한 사제 / 성역의 주인","일일 10%; 주간 25% × 레벨 50%; 직업 20%; 부위 1/9"
"150","궁수","펜던트","150레벨 토벌자의 추적목걸이","타락한 사제 / 성역의 주인","일일 10%; 주간 25% × 레벨 50%; 직업 20%; 부위 1/9"
"160","궁수","무기","160레벨 토벌자의 장궁","천공 심판자 / 성역의 주인","일일 10%; 주간 25% × 레벨 50%; 직업 20%; 부위 1/9"
"160","궁수","투구","160레벨 토벌자의 깃털모자","천공 심판자 / 성역의 주인","일일 10%; 주간 25% × 레벨 50%; 직업 20%; 부위 1/9"
"160","궁수","갑옷","160레벨 토벌자의 사냥조끼","천공 심판자 / 성역의 주인","일일 10%; 주간 25% × 레벨 50%; 직업 20%; 부위 1/9"
"160","궁수","바지","160레벨 토벌자의 정찰바지","천공 심판자 / 성역의 주인","일일 10%; 주간 25% × 레벨 50%; 직업 20%; 부위 1/9"
"160","궁수","장갑","160레벨 토벌자의 궁수장갑","천공 심판자 / 성역의 주인","일일 10%; 주간 25% × 레벨 50%; 직업 20%; 부위 1/9"
"160","궁수","신발","160레벨 토벌자의 숲길장화","천공 심판자 / 성역의 주인","일일 10%; 주간 25% × 레벨 50%; 직업 20%; 부위 1/9"
"160","궁수","반지","160레벨 토벌자의 명중반지","천공 심판자 / 성역의 주인","일일 10%; 주간 25% × 레벨 50%; 직업 20%; 부위 1/9"
"160","궁수","귀걸이","160레벨 토벌자의 깃털귀걸이","천공 심판자 / 성역의 주인","일일 10%; 주간 25% × 레벨 50%; 직업 20%; 부위 1/9"
"160","궁수","펜던트","160레벨 토벌자의 추적목걸이","천공 심판자 / 성역의 주인","일일 10%; 주간 25% × 레벨 50%; 직업 20%; 부위 1/9"
"170","궁수","무기","170레벨 토벌자의 장궁","시계 거인 / 시간왕 크로노스","일일 10%; 주간 25% × 레벨 50%; 직업 20%; 부위 1/9"
"170","궁수","투구","170레벨 토벌자의 깃털모자","시계 거인 / 시간왕 크로노스","일일 10%; 주간 25% × 레벨 50%; 직업 20%; 부위 1/9"
"170","궁수","갑옷","170레벨 토벌자의 사냥조끼","시계 거인 / 시간왕 크로노스","일일 10%; 주간 25% × 레벨 50%; 직업 20%; 부위 1/9"
"170","궁수","바지","170레벨 토벌자의 정찰바지","시계 거인 / 시간왕 크로노스","일일 10%; 주간 25% × 레벨 50%; 직업 20%; 부위 1/9"
"170","궁수","장갑","170레벨 토벌자의 궁수장갑","시계 거인 / 시간왕 크로노스","일일 10%; 주간 25% × 레벨 50%; 직업 20%; 부위 1/9"
"170","궁수","신발","170레벨 토벌자의 숲길장화","시계 거인 / 시간왕 크로노스","일일 10%; 주간 25% × 레벨 50%; 직업 20%; 부위 1/9"
"170","궁수","반지","170레벨 토벌자의 명중반지","시계 거인 / 시간왕 크로노스","일일 10%; 주간 25% × 레벨 50%; 직업 20%; 부위 1/9"
"170","궁수","귀걸이","170레벨 토벌자의 깃털귀걸이","시계 거인 / 시간왕 크로노스","일일 10%; 주간 25% × 레벨 50%; 직업 20%; 부위 1/9"
"170","궁수","펜던트","170레벨 토벌자의 추적목걸이","시계 거인 / 시간왕 크로노스","일일 10%; 주간 25% × 레벨 50%; 직업 20%; 부위 1/9"
"180","궁수","무기","180레벨 토벌자의 장궁","균열의 군주 / 시간왕 크로노스","일일 10%; 주간 25% × 레벨 50%; 직업 20%; 부위 1/9"
"180","궁수","투구","180레벨 토벌자의 깃털모자","균열의 군주 / 시간왕 크로노스","일일 10%; 주간 25% × 레벨 50%; 직업 20%; 부위 1/9"
"180","궁수","갑옷","180레벨 토벌자의 사냥조끼","균열의 군주 / 시간왕 크로노스","일일 10%; 주간 25% × 레벨 50%; 직업 20%; 부위 1/9"
"180","궁수","바지","180레벨 토벌자의 정찰바지","균열의 군주 / 시간왕 크로노스","일일 10%; 주간 25% × 레벨 50%; 직업 20%; 부위 1/9"
"180","궁수","장갑","180레벨 토벌자의 궁수장갑","균열의 군주 / 시간왕 크로노스","일일 10%; 주간 25% × 레벨 50%; 직업 20%; 부위 1/9"
"180","궁수","신발","180레벨 토벌자의 숲길장화","균열의 군주 / 시간왕 크로노스","일일 10%; 주간 25% × 레벨 50%; 직업 20%; 부위 1/9"
"180","궁수","반지","180레벨 토벌자의 명중반지","균열의 군주 / 시간왕 크로노스","일일 10%; 주간 25% × 레벨 50%; 직업 20%; 부위 1/9"
"180","궁수","귀걸이","180레벨 토벌자의 깃털귀걸이","균열의 군주 / 시간왕 크로노스","일일 10%; 주간 25% × 레벨 50%; 직업 20%; 부위 1/9"
"180","궁수","펜던트","180레벨 토벌자의 추적목걸이","균열의 군주 / 시간왕 크로노스","일일 10%; 주간 25% × 레벨 50%; 직업 20%; 부위 1/9"
"190","궁수","무기","190레벨 토벌자의 장궁","심연 기사 / 멸신왕 벨제리온","일일 10%; 주간 25% × 레벨 50%; 직업 20%; 부위 1/9"
"190","궁수","투구","190레벨 토벌자의 깃털모자","심연 기사 / 멸신왕 벨제리온","일일 10%; 주간 25% × 레벨 50%; 직업 20%; 부위 1/9"
"190","궁수","갑옷","190레벨 토벌자의 사냥조끼","심연 기사 / 멸신왕 벨제리온","일일 10%; 주간 25% × 레벨 50%; 직업 20%; 부위 1/9"
"190","궁수","바지","190레벨 토벌자의 정찰바지","심연 기사 / 멸신왕 벨제리온","일일 10%; 주간 25% × 레벨 50%; 직업 20%; 부위 1/9"
"190","궁수","장갑","190레벨 토벌자의 궁수장갑","심연 기사 / 멸신왕 벨제리온","일일 10%; 주간 25% × 레벨 50%; 직업 20%; 부위 1/9"
"190","궁수","신발","190레벨 토벌자의 숲길장화","심연 기사 / 멸신왕 벨제리온","일일 10%; 주간 25% × 레벨 50%; 직업 20%; 부위 1/9"
"190","궁수","반지","190레벨 토벌자의 명중반지","심연 기사 / 멸신왕 벨제리온","일일 10%; 주간 25% × 레벨 50%; 직업 20%; 부위 1/9"
"190","궁수","귀걸이","190레벨 토벌자의 깃털귀걸이","심연 기사 / 멸신왕 벨제리온","일일 10%; 주간 25% × 레벨 50%; 직업 20%; 부위 1/9"
"190","궁수","펜던트","190레벨 토벌자의 추적목걸이","심연 기사 / 멸신왕 벨제리온","일일 10%; 주간 25% × 레벨 50%; 직업 20%; 부위 1/9"
"200","궁수","무기","200레벨 토벌자의 장궁","공허 포식자 / 멸신왕 벨제리온","일일 10%; 주간 25% × 레벨 50%; 직업 20%; 부위 1/9"
"200","궁수","투구","200레벨 토벌자의 깃털모자","공허 포식자 / 멸신왕 벨제리온","일일 10%; 주간 25% × 레벨 50%; 직업 20%; 부위 1/9"
"200","궁수","갑옷","200레벨 토벌자의 사냥조끼","공허 포식자 / 멸신왕 벨제리온","일일 10%; 주간 25% × 레벨 50%; 직업 20%; 부위 1/9"
"200","궁수","바지","200레벨 토벌자의 정찰바지","공허 포식자 / 멸신왕 벨제리온","일일 10%; 주간 25% × 레벨 50%; 직업 20%; 부위 1/9"
"200","궁수","장갑","200레벨 토벌자의 궁수장갑","공허 포식자 / 멸신왕 벨제리온","일일 10%; 주간 25% × 레벨 50%; 직업 20%; 부위 1/9"
"200","궁수","신발","200레벨 토벌자의 숲길장화","공허 포식자 / 멸신왕 벨제리온","일일 10%; 주간 25% × 레벨 50%; 직업 20%; 부위 1/9"
"200","궁수","반지","200레벨 토벌자의 명중반지","공허 포식자 / 멸신왕 벨제리온","일일 10%; 주간 25% × 레벨 50%; 직업 20%; 부위 1/9"
"200","궁수","귀걸이","200레벨 토벌자의 깃털귀걸이","공허 포식자 / 멸신왕 벨제리온","일일 10%; 주간 25% × 레벨 50%; 직업 20%; 부위 1/9"
"200","궁수","펜던트","200레벨 토벌자의 추적목걸이","공허 포식자 / 멸신왕 벨제리온","일일 10%; 주간 25% × 레벨 50%; 직업 20%; 부위 1/9"
"10","도적","무기","10레벨 토벌자의 쌍검","초목왕 모루 / 들판의 군주","일일 10%; 주간 25% × 레벨 50%; 직업 20%; 부위 1/9"
"10","도적","투구","10레벨 토벌자의 은신두건","초목왕 모루 / 들판의 군주","일일 10%; 주간 25% × 레벨 50%; 직업 20%; 부위 1/9"
"10","도적","갑옷","10레벨 토벌자의 암살자재킷","초목왕 모루 / 들판의 군주","일일 10%; 주간 25% × 레벨 50%; 직업 20%; 부위 1/9"
"10","도적","바지","10레벨 토벌자의 잠행바지","초목왕 모루 / 들판의 군주","일일 10%; 주간 25% × 레벨 50%; 직업 20%; 부위 1/9"
"10","도적","장갑","10레벨 토벌자의 그림자장갑","초목왕 모루 / 들판의 군주","일일 10%; 주간 25% × 레벨 50%; 직업 20%; 부위 1/9"
"10","도적","신발","10레벨 토벌자의 무음신발","초목왕 모루 / 들판의 군주","일일 10%; 주간 25% × 레벨 50%; 직업 20%; 부위 1/9"
"10","도적","반지","10레벨 토벌자의 암호반지","초목왕 모루 / 들판의 군주","일일 10%; 주간 25% × 레벨 50%; 직업 20%; 부위 1/9"
"10","도적","귀걸이","10레벨 토벌자의 침묵귀걸이","초목왕 모루 / 들판의 군주","일일 10%; 주간 25% × 레벨 50%; 직업 20%; 부위 1/9"
"10","도적","펜던트","10레벨 토벌자의 비밀부적","초목왕 모루 / 들판의 군주","일일 10%; 주간 25% × 레벨 50%; 직업 20%; 부위 1/9"
"20","도적","무기","20레벨 토벌자의 쌍검","거목 수호자 / 들판의 군주","일일 10%; 주간 25% × 레벨 50%; 직업 20%; 부위 1/9"
"20","도적","투구","20레벨 토벌자의 은신두건","거목 수호자 / 들판의 군주","일일 10%; 주간 25% × 레벨 50%; 직업 20%; 부위 1/9"
"20","도적","갑옷","20레벨 토벌자의 암살자재킷","거목 수호자 / 들판의 군주","일일 10%; 주간 25% × 레벨 50%; 직업 20%; 부위 1/9"
"20","도적","바지","20레벨 토벌자의 잠행바지","거목 수호자 / 들판의 군주","일일 10%; 주간 25% × 레벨 50%; 직업 20%; 부위 1/9"
"20","도적","장갑","20레벨 토벌자의 그림자장갑","거목 수호자 / 들판의 군주","일일 10%; 주간 25% × 레벨 50%; 직업 20%; 부위 1/9"
"20","도적","신발","20레벨 토벌자의 무음신발","거목 수호자 / 들판의 군주","일일 10%; 주간 25% × 레벨 50%; 직업 20%; 부위 1/9"
"20","도적","반지","20레벨 토벌자의 암호반지","거목 수호자 / 들판의 군주","일일 10%; 주간 25% × 레벨 50%; 직업 20%; 부위 1/9"
"20","도적","귀걸이","20레벨 토벌자의 침묵귀걸이","거목 수호자 / 들판의 군주","일일 10%; 주간 25% × 레벨 50%; 직업 20%; 부위 1/9"
"20","도적","펜던트","20레벨 토벌자의 비밀부적","거목 수호자 / 들판의 군주","일일 10%; 주간 25% × 레벨 50%; 직업 20%; 부위 1/9"
"30","도적","무기","30레벨 토벌자의 쌍검","달그림자 루엔 / 월광 사슴왕","일일 10%; 주간 25% × 레벨 50%; 직업 20%; 부위 1/9"
"30","도적","투구","30레벨 토벌자의 은신두건","달그림자 루엔 / 월광 사슴왕","일일 10%; 주간 25% × 레벨 50%; 직업 20%; 부위 1/9"
"30","도적","갑옷","30레벨 토벌자의 암살자재킷","달그림자 루엔 / 월광 사슴왕","일일 10%; 주간 25% × 레벨 50%; 직업 20%; 부위 1/9"
"30","도적","바지","30레벨 토벌자의 잠행바지","달그림자 루엔 / 월광 사슴왕","일일 10%; 주간 25% × 레벨 50%; 직업 20%; 부위 1/9"
"30","도적","장갑","30레벨 토벌자의 그림자장갑","달그림자 루엔 / 월광 사슴왕","일일 10%; 주간 25% × 레벨 50%; 직업 20%; 부위 1/9"
"30","도적","신발","30레벨 토벌자의 무음신발","달그림자 루엔 / 월광 사슴왕","일일 10%; 주간 25% × 레벨 50%; 직업 20%; 부위 1/9"
"30","도적","반지","30레벨 토벌자의 암호반지","달그림자 루엔 / 월광 사슴왕","일일 10%; 주간 25% × 레벨 50%; 직업 20%; 부위 1/9"
"30","도적","귀걸이","30레벨 토벌자의 침묵귀걸이","달그림자 루엔 / 월광 사슴왕","일일 10%; 주간 25% × 레벨 50%; 직업 20%; 부위 1/9"
"30","도적","펜던트","30레벨 토벌자의 비밀부적","달그림자 루엔 / 월광 사슴왕","일일 10%; 주간 25% × 레벨 50%; 직업 20%; 부위 1/9"
"40","도적","무기","40레벨 토벌자의 쌍검","고목왕 아르벨 / 월광 사슴왕","일일 10%; 주간 25% × 레벨 50%; 직업 20%; 부위 1/9"
"40","도적","투구","40레벨 토벌자의 은신두건","고목왕 아르벨 / 월광 사슴왕","일일 10%; 주간 25% × 레벨 50%; 직업 20%; 부위 1/9"
"40","도적","갑옷","40레벨 토벌자의 암살자재킷","고목왕 아르벨 / 월광 사슴왕","일일 10%; 주간 25% × 레벨 50%; 직업 20%; 부위 1/9"
"40","도적","바지","40레벨 토벌자의 잠행바지","고목왕 아르벨 / 월광 사슴왕","일일 10%; 주간 25% × 레벨 50%; 직업 20%; 부위 1/9"
"40","도적","장갑","40레벨 토벌자의 그림자장갑","고목왕 아르벨 / 월광 사슴왕","일일 10%; 주간 25% × 레벨 50%; 직업 20%; 부위 1/9"
"40","도적","신발","40레벨 토벌자의 무음신발","고목왕 아르벨 / 월광 사슴왕","일일 10%; 주간 25% × 레벨 50%; 직업 20%; 부위 1/9"
"40","도적","반지","40레벨 토벌자의 암호반지","고목왕 아르벨 / 월광 사슴왕","일일 10%; 주간 25% × 레벨 50%; 직업 20%; 부위 1/9"
"40","도적","귀걸이","40레벨 토벌자의 침묵귀걸이","고목왕 아르벨 / 월광 사슴왕","일일 10%; 주간 25% × 레벨 50%; 직업 20%; 부위 1/9"
"40","도적","펜던트","40레벨 토벌자의 비밀부적","고목왕 아르벨 / 월광 사슴왕","일일 10%; 주간 25% × 레벨 50%; 직업 20%; 부위 1/9"
"50","도적","무기","50레벨 토벌자의 쌍검","강철 거인 / 광산왕 크로투스","일일 10%; 주간 25% × 레벨 50%; 직업 20%; 부위 1/9"
"50","도적","투구","50레벨 토벌자의 은신두건","강철 거인 / 광산왕 크로투스","일일 10%; 주간 25% × 레벨 50%; 직업 20%; 부위 1/9"
"50","도적","갑옷","50레벨 토벌자의 암살자재킷","강철 거인 / 광산왕 크로투스","일일 10%; 주간 25% × 레벨 50%; 직업 20%; 부위 1/9"
"50","도적","바지","50레벨 토벌자의 잠행바지","강철 거인 / 광산왕 크로투스","일일 10%; 주간 25% × 레벨 50%; 직업 20%; 부위 1/9"
"50","도적","장갑","50레벨 토벌자의 그림자장갑","강철 거인 / 광산왕 크로투스","일일 10%; 주간 25% × 레벨 50%; 직업 20%; 부위 1/9"
"50","도적","신발","50레벨 토벌자의 무음신발","강철 거인 / 광산왕 크로투스","일일 10%; 주간 25% × 레벨 50%; 직업 20%; 부위 1/9"
"50","도적","반지","50레벨 토벌자의 암호반지","강철 거인 / 광산왕 크로투스","일일 10%; 주간 25% × 레벨 50%; 직업 20%; 부위 1/9"
"50","도적","귀걸이","50레벨 토벌자의 침묵귀걸이","강철 거인 / 광산왕 크로투스","일일 10%; 주간 25% × 레벨 50%; 직업 20%; 부위 1/9"
"50","도적","펜던트","50레벨 토벌자의 비밀부적","강철 거인 / 광산왕 크로투스","일일 10%; 주간 25% × 레벨 50%; 직업 20%; 부위 1/9"
"60","도적","무기","60레벨 토벌자의 쌍검","수정 포식자 / 광산왕 크로투스","일일 10%; 주간 25% × 레벨 50%; 직업 20%; 부위 1/9"
"60","도적","투구","60레벨 토벌자의 은신두건","수정 포식자 / 광산왕 크로투스","일일 10%; 주간 25% × 레벨 50%; 직업 20%; 부위 1/9"
"60","도적","갑옷","60레벨 토벌자의 암살자재킷","수정 포식자 / 광산왕 크로투스","일일 10%; 주간 25% × 레벨 50%; 직업 20%; 부위 1/9"
"60","도적","바지","60레벨 토벌자의 잠행바지","수정 포식자 / 광산왕 크로투스","일일 10%; 주간 25% × 레벨 50%; 직업 20%; 부위 1/9"
"60","도적","장갑","60레벨 토벌자의 그림자장갑","수정 포식자 / 광산왕 크로투스","일일 10%; 주간 25% × 레벨 50%; 직업 20%; 부위 1/9"
"60","도적","신발","60레벨 토벌자의 무음신발","수정 포식자 / 광산왕 크로투스","일일 10%; 주간 25% × 레벨 50%; 직업 20%; 부위 1/9"
"60","도적","반지","60레벨 토벌자의 암호반지","수정 포식자 / 광산왕 크로투스","일일 10%; 주간 25% × 레벨 50%; 직업 20%; 부위 1/9"
"60","도적","귀걸이","60레벨 토벌자의 침묵귀걸이","수정 포식자 / 광산왕 크로투스","일일 10%; 주간 25% × 레벨 50%; 직업 20%; 부위 1/9"
"60","도적","펜던트","60레벨 토벌자의 비밀부적","수정 포식자 / 광산왕 크로투스","일일 10%; 주간 25% × 레벨 50%; 직업 20%; 부위 1/9"
"70","도적","무기","70레벨 토벌자의 쌍검","화염 사냥개 / 재의 군주","일일 10%; 주간 25% × 레벨 50%; 직업 20%; 부위 1/9"
"70","도적","투구","70레벨 토벌자의 은신두건","화염 사냥개 / 재의 군주","일일 10%; 주간 25% × 레벨 50%; 직업 20%; 부위 1/9"
"70","도적","갑옷","70레벨 토벌자의 암살자재킷","화염 사냥개 / 재의 군주","일일 10%; 주간 25% × 레벨 50%; 직업 20%; 부위 1/9"
"70","도적","바지","70레벨 토벌자의 잠행바지","화염 사냥개 / 재의 군주","일일 10%; 주간 25% × 레벨 50%; 직업 20%; 부위 1/9"
"70","도적","장갑","70레벨 토벌자의 그림자장갑","화염 사냥개 / 재의 군주","일일 10%; 주간 25% × 레벨 50%; 직업 20%; 부위 1/9"
"70","도적","신발","70레벨 토벌자의 무음신발","화염 사냥개 / 재의 군주","일일 10%; 주간 25% × 레벨 50%; 직업 20%; 부위 1/9"
"70","도적","반지","70레벨 토벌자의 암호반지","화염 사냥개 / 재의 군주","일일 10%; 주간 25% × 레벨 50%; 직업 20%; 부위 1/9"
"70","도적","귀걸이","70레벨 토벌자의 침묵귀걸이","화염 사냥개 / 재의 군주","일일 10%; 주간 25% × 레벨 50%; 직업 20%; 부위 1/9"
"70","도적","펜던트","70레벨 토벌자의 비밀부적","화염 사냥개 / 재의 군주","일일 10%; 주간 25% × 레벨 50%; 직업 20%; 부위 1/9"
"80","도적","무기","80레벨 토벌자의 쌍검","용암 거신 / 재의 군주","일일 10%; 주간 25% × 레벨 50%; 직업 20%; 부위 1/9"
"80","도적","투구","80레벨 토벌자의 은신두건","용암 거신 / 재의 군주","일일 10%; 주간 25% × 레벨 50%; 직업 20%; 부위 1/9"
"80","도적","갑옷","80레벨 토벌자의 암살자재킷","용암 거신 / 재의 군주","일일 10%; 주간 25% × 레벨 50%; 직업 20%; 부위 1/9"
"80","도적","바지","80레벨 토벌자의 잠행바지","용암 거신 / 재의 군주","일일 10%; 주간 25% × 레벨 50%; 직업 20%; 부위 1/9"
"80","도적","장갑","80레벨 토벌자의 그림자장갑","용암 거신 / 재의 군주","일일 10%; 주간 25% × 레벨 50%; 직업 20%; 부위 1/9"
"80","도적","신발","80레벨 토벌자의 무음신발","용암 거신 / 재의 군주","일일 10%; 주간 25% × 레벨 50%; 직업 20%; 부위 1/9"
"80","도적","반지","80레벨 토벌자의 암호반지","용암 거신 / 재의 군주","일일 10%; 주간 25% × 레벨 50%; 직업 20%; 부위 1/9"
"80","도적","귀걸이","80레벨 토벌자의 침묵귀걸이","용암 거신 / 재의 군주","일일 10%; 주간 25% × 레벨 50%; 직업 20%; 부위 1/9"
"80","도적","펜던트","80레벨 토벌자의 비밀부적","용암 거신 / 재의 군주","일일 10%; 주간 25% × 레벨 50%; 직업 20%; 부위 1/9"
"90","도적","무기","90레벨 토벌자의 쌍검","유령 기사 / 불멸의 왕","일일 10%; 주간 25% × 레벨 50%; 직업 20%; 부위 1/9"
"90","도적","투구","90레벨 토벌자의 은신두건","유령 기사 / 불멸의 왕","일일 10%; 주간 25% × 레벨 50%; 직업 20%; 부위 1/9"
"90","도적","갑옷","90레벨 토벌자의 암살자재킷","유령 기사 / 불멸의 왕","일일 10%; 주간 25% × 레벨 50%; 직업 20%; 부위 1/9"
"90","도적","바지","90레벨 토벌자의 잠행바지","유령 기사 / 불멸의 왕","일일 10%; 주간 25% × 레벨 50%; 직업 20%; 부위 1/9"
"90","도적","장갑","90레벨 토벌자의 그림자장갑","유령 기사 / 불멸의 왕","일일 10%; 주간 25% × 레벨 50%; 직업 20%; 부위 1/9"
"90","도적","신발","90레벨 토벌자의 무음신발","유령 기사 / 불멸의 왕","일일 10%; 주간 25% × 레벨 50%; 직업 20%; 부위 1/9"
"90","도적","반지","90레벨 토벌자의 암호반지","유령 기사 / 불멸의 왕","일일 10%; 주간 25% × 레벨 50%; 직업 20%; 부위 1/9"
"90","도적","귀걸이","90레벨 토벌자의 침묵귀걸이","유령 기사 / 불멸의 왕","일일 10%; 주간 25% × 레벨 50%; 직업 20%; 부위 1/9"
"90","도적","펜던트","90레벨 토벌자의 비밀부적","유령 기사 / 불멸의 왕","일일 10%; 주간 25% × 레벨 50%; 직업 20%; 부위 1/9"
"100","도적","무기","100레벨 토벌자의 쌍검","망령 여왕 / 불멸의 왕","일일 10%; 주간 25% × 레벨 50%; 직업 20%; 부위 1/9"
"100","도적","투구","100레벨 토벌자의 은신두건","망령 여왕 / 불멸의 왕","일일 10%; 주간 25% × 레벨 50%; 직업 20%; 부위 1/9"
"100","도적","갑옷","100레벨 토벌자의 암살자재킷","망령 여왕 / 불멸의 왕","일일 10%; 주간 25% × 레벨 50%; 직업 20%; 부위 1/9"
"100","도적","바지","100레벨 토벌자의 잠행바지","망령 여왕 / 불멸의 왕","일일 10%; 주간 25% × 레벨 50%; 직업 20%; 부위 1/9"
"100","도적","장갑","100레벨 토벌자의 그림자장갑","망령 여왕 / 불멸의 왕","일일 10%; 주간 25% × 레벨 50%; 직업 20%; 부위 1/9"
"100","도적","신발","100레벨 토벌자의 무음신발","망령 여왕 / 불멸의 왕","일일 10%; 주간 25% × 레벨 50%; 직업 20%; 부위 1/9"
"100","도적","반지","100레벨 토벌자의 암호반지","망령 여왕 / 불멸의 왕","일일 10%; 주간 25% × 레벨 50%; 직업 20%; 부위 1/9"
"100","도적","귀걸이","100레벨 토벌자의 침묵귀걸이","망령 여왕 / 불멸의 왕","일일 10%; 주간 25% × 레벨 50%; 직업 20%; 부위 1/9"
"100","도적","펜던트","100레벨 토벌자의 비밀부적","망령 여왕 / 불멸의 왕","일일 10%; 주간 25% × 레벨 50%; 직업 20%; 부위 1/9"
"110","도적","무기","110레벨 토벌자의 쌍검","설원 포식자 / 빙룡 이스라","일일 10%; 주간 25% × 레벨 50%; 직업 20%; 부위 1/9"
"110","도적","투구","110레벨 토벌자의 은신두건","설원 포식자 / 빙룡 이스라","일일 10%; 주간 25% × 레벨 50%; 직업 20%; 부위 1/9"
"110","도적","갑옷","110레벨 토벌자의 암살자재킷","설원 포식자 / 빙룡 이스라","일일 10%; 주간 25% × 레벨 50%; 직업 20%; 부위 1/9"
"110","도적","바지","110레벨 토벌자의 잠행바지","설원 포식자 / 빙룡 이스라","일일 10%; 주간 25% × 레벨 50%; 직업 20%; 부위 1/9"
"110","도적","장갑","110레벨 토벌자의 그림자장갑","설원 포식자 / 빙룡 이스라","일일 10%; 주간 25% × 레벨 50%; 직업 20%; 부위 1/9"
"110","도적","신발","110레벨 토벌자의 무음신발","설원 포식자 / 빙룡 이스라","일일 10%; 주간 25% × 레벨 50%; 직업 20%; 부위 1/9"
"110","도적","반지","110레벨 토벌자의 암호반지","설원 포식자 / 빙룡 이스라","일일 10%; 주간 25% × 레벨 50%; 직업 20%; 부위 1/9"
"110","도적","귀걸이","110레벨 토벌자의 침묵귀걸이","설원 포식자 / 빙룡 이스라","일일 10%; 주간 25% × 레벨 50%; 직업 20%; 부위 1/9"
"110","도적","펜던트","110레벨 토벌자의 비밀부적","설원 포식자 / 빙룡 이스라","일일 10%; 주간 25% × 레벨 50%; 직업 20%; 부위 1/9"
"120","도적","무기","120레벨 토벌자의 쌍검","빙결 마녀 / 빙룡 이스라","일일 10%; 주간 25% × 레벨 50%; 직업 20%; 부위 1/9"
"120","도적","투구","120레벨 토벌자의 은신두건","빙결 마녀 / 빙룡 이스라","일일 10%; 주간 25% × 레벨 50%; 직업 20%; 부위 1/9"
"120","도적","갑옷","120레벨 토벌자의 암살자재킷","빙결 마녀 / 빙룡 이스라","일일 10%; 주간 25% × 레벨 50%; 직업 20%; 부위 1/9"
"120","도적","바지","120레벨 토벌자의 잠행바지","빙결 마녀 / 빙룡 이스라","일일 10%; 주간 25% × 레벨 50%; 직업 20%; 부위 1/9"
"120","도적","장갑","120레벨 토벌자의 그림자장갑","빙결 마녀 / 빙룡 이스라","일일 10%; 주간 25% × 레벨 50%; 직업 20%; 부위 1/9"
"120","도적","신발","120레벨 토벌자의 무음신발","빙결 마녀 / 빙룡 이스라","일일 10%; 주간 25% × 레벨 50%; 직업 20%; 부위 1/9"
"120","도적","반지","120레벨 토벌자의 암호반지","빙결 마녀 / 빙룡 이스라","일일 10%; 주간 25% × 레벨 50%; 직업 20%; 부위 1/9"
"120","도적","귀걸이","120레벨 토벌자의 침묵귀걸이","빙결 마녀 / 빙룡 이스라","일일 10%; 주간 25% × 레벨 50%; 직업 20%; 부위 1/9"
"120","도적","펜던트","120레벨 토벌자의 비밀부적","빙결 마녀 / 빙룡 이스라","일일 10%; 주간 25% × 레벨 50%; 직업 20%; 부위 1/9"
"130","도적","무기","130레벨 토벌자의 쌍검","모래 군주 / 사막왕 라칸","일일 10%; 주간 25% × 레벨 50%; 직업 20%; 부위 1/9"
"130","도적","투구","130레벨 토벌자의 은신두건","모래 군주 / 사막왕 라칸","일일 10%; 주간 25% × 레벨 50%; 직업 20%; 부위 1/9"
"130","도적","갑옷","130레벨 토벌자의 암살자재킷","모래 군주 / 사막왕 라칸","일일 10%; 주간 25% × 레벨 50%; 직업 20%; 부위 1/9"
"130","도적","바지","130레벨 토벌자의 잠행바지","모래 군주 / 사막왕 라칸","일일 10%; 주간 25% × 레벨 50%; 직업 20%; 부위 1/9"
"130","도적","장갑","130레벨 토벌자의 그림자장갑","모래 군주 / 사막왕 라칸","일일 10%; 주간 25% × 레벨 50%; 직업 20%; 부위 1/9"
"130","도적","신발","130레벨 토벌자의 무음신발","모래 군주 / 사막왕 라칸","일일 10%; 주간 25% × 레벨 50%; 직업 20%; 부위 1/9"
"130","도적","반지","130레벨 토벌자의 암호반지","모래 군주 / 사막왕 라칸","일일 10%; 주간 25% × 레벨 50%; 직업 20%; 부위 1/9"
"130","도적","귀걸이","130레벨 토벌자의 침묵귀걸이","모래 군주 / 사막왕 라칸","일일 10%; 주간 25% × 레벨 50%; 직업 20%; 부위 1/9"
"130","도적","펜던트","130레벨 토벌자의 비밀부적","모래 군주 / 사막왕 라칸","일일 10%; 주간 25% × 레벨 50%; 직업 20%; 부위 1/9"
"140","도적","무기","140레벨 토벌자의 쌍검","태양 수호자 / 사막왕 라칸","일일 10%; 주간 25% × 레벨 50%; 직업 20%; 부위 1/9"
"140","도적","투구","140레벨 토벌자의 은신두건","태양 수호자 / 사막왕 라칸","일일 10%; 주간 25% × 레벨 50%; 직업 20%; 부위 1/9"
"140","도적","갑옷","140레벨 토벌자의 암살자재킷","태양 수호자 / 사막왕 라칸","일일 10%; 주간 25% × 레벨 50%; 직업 20%; 부위 1/9"
"140","도적","바지","140레벨 토벌자의 잠행바지","태양 수호자 / 사막왕 라칸","일일 10%; 주간 25% × 레벨 50%; 직업 20%; 부위 1/9"
"140","도적","장갑","140레벨 토벌자의 그림자장갑","태양 수호자 / 사막왕 라칸","일일 10%; 주간 25% × 레벨 50%; 직업 20%; 부위 1/9"
"140","도적","신발","140레벨 토벌자의 무음신발","태양 수호자 / 사막왕 라칸","일일 10%; 주간 25% × 레벨 50%; 직업 20%; 부위 1/9"
"140","도적","반지","140레벨 토벌자의 암호반지","태양 수호자 / 사막왕 라칸","일일 10%; 주간 25% × 레벨 50%; 직업 20%; 부위 1/9"
"140","도적","귀걸이","140레벨 토벌자의 침묵귀걸이","태양 수호자 / 사막왕 라칸","일일 10%; 주간 25% × 레벨 50%; 직업 20%; 부위 1/9"
"140","도적","펜던트","140레벨 토벌자의 비밀부적","태양 수호자 / 사막왕 라칸","일일 10%; 주간 25% × 레벨 50%; 직업 20%; 부위 1/9"
"150","도적","무기","150레벨 토벌자의 쌍검","타락한 사제 / 성역의 주인","일일 10%; 주간 25% × 레벨 50%; 직업 20%; 부위 1/9"
"150","도적","투구","150레벨 토벌자의 은신두건","타락한 사제 / 성역의 주인","일일 10%; 주간 25% × 레벨 50%; 직업 20%; 부위 1/9"
"150","도적","갑옷","150레벨 토벌자의 암살자재킷","타락한 사제 / 성역의 주인","일일 10%; 주간 25% × 레벨 50%; 직업 20%; 부위 1/9"
"150","도적","바지","150레벨 토벌자의 잠행바지","타락한 사제 / 성역의 주인","일일 10%; 주간 25% × 레벨 50%; 직업 20%; 부위 1/9"
"150","도적","장갑","150레벨 토벌자의 그림자장갑","타락한 사제 / 성역의 주인","일일 10%; 주간 25% × 레벨 50%; 직업 20%; 부위 1/9"
"150","도적","신발","150레벨 토벌자의 무음신발","타락한 사제 / 성역의 주인","일일 10%; 주간 25% × 레벨 50%; 직업 20%; 부위 1/9"
"150","도적","반지","150레벨 토벌자의 암호반지","타락한 사제 / 성역의 주인","일일 10%; 주간 25% × 레벨 50%; 직업 20%; 부위 1/9"
"150","도적","귀걸이","150레벨 토벌자의 침묵귀걸이","타락한 사제 / 성역의 주인","일일 10%; 주간 25% × 레벨 50%; 직업 20%; 부위 1/9"
"150","도적","펜던트","150레벨 토벌자의 비밀부적","타락한 사제 / 성역의 주인","일일 10%; 주간 25% × 레벨 50%; 직업 20%; 부위 1/9"
"160","도적","무기","160레벨 토벌자의 쌍검","천공 심판자 / 성역의 주인","일일 10%; 주간 25% × 레벨 50%; 직업 20%; 부위 1/9"
"160","도적","투구","160레벨 토벌자의 은신두건","천공 심판자 / 성역의 주인","일일 10%; 주간 25% × 레벨 50%; 직업 20%; 부위 1/9"
"160","도적","갑옷","160레벨 토벌자의 암살자재킷","천공 심판자 / 성역의 주인","일일 10%; 주간 25% × 레벨 50%; 직업 20%; 부위 1/9"
"160","도적","바지","160레벨 토벌자의 잠행바지","천공 심판자 / 성역의 주인","일일 10%; 주간 25% × 레벨 50%; 직업 20%; 부위 1/9"
"160","도적","장갑","160레벨 토벌자의 그림자장갑","천공 심판자 / 성역의 주인","일일 10%; 주간 25% × 레벨 50%; 직업 20%; 부위 1/9"
"160","도적","신발","160레벨 토벌자의 무음신발","천공 심판자 / 성역의 주인","일일 10%; 주간 25% × 레벨 50%; 직업 20%; 부위 1/9"
"160","도적","반지","160레벨 토벌자의 암호반지","천공 심판자 / 성역의 주인","일일 10%; 주간 25% × 레벨 50%; 직업 20%; 부위 1/9"
"160","도적","귀걸이","160레벨 토벌자의 침묵귀걸이","천공 심판자 / 성역의 주인","일일 10%; 주간 25% × 레벨 50%; 직업 20%; 부위 1/9"
"160","도적","펜던트","160레벨 토벌자의 비밀부적","천공 심판자 / 성역의 주인","일일 10%; 주간 25% × 레벨 50%; 직업 20%; 부위 1/9"
"170","도적","무기","170레벨 토벌자의 쌍검","시계 거인 / 시간왕 크로노스","일일 10%; 주간 25% × 레벨 50%; 직업 20%; 부위 1/9"
"170","도적","투구","170레벨 토벌자의 은신두건","시계 거인 / 시간왕 크로노스","일일 10%; 주간 25% × 레벨 50%; 직업 20%; 부위 1/9"
"170","도적","갑옷","170레벨 토벌자의 암살자재킷","시계 거인 / 시간왕 크로노스","일일 10%; 주간 25% × 레벨 50%; 직업 20%; 부위 1/9"
"170","도적","바지","170레벨 토벌자의 잠행바지","시계 거인 / 시간왕 크로노스","일일 10%; 주간 25% × 레벨 50%; 직업 20%; 부위 1/9"
"170","도적","장갑","170레벨 토벌자의 그림자장갑","시계 거인 / 시간왕 크로노스","일일 10%; 주간 25% × 레벨 50%; 직업 20%; 부위 1/9"
"170","도적","신발","170레벨 토벌자의 무음신발","시계 거인 / 시간왕 크로노스","일일 10%; 주간 25% × 레벨 50%; 직업 20%; 부위 1/9"
"170","도적","반지","170레벨 토벌자의 암호반지","시계 거인 / 시간왕 크로노스","일일 10%; 주간 25% × 레벨 50%; 직업 20%; 부위 1/9"
"170","도적","귀걸이","170레벨 토벌자의 침묵귀걸이","시계 거인 / 시간왕 크로노스","일일 10%; 주간 25% × 레벨 50%; 직업 20%; 부위 1/9"
"170","도적","펜던트","170레벨 토벌자의 비밀부적","시계 거인 / 시간왕 크로노스","일일 10%; 주간 25% × 레벨 50%; 직업 20%; 부위 1/9"
"180","도적","무기","180레벨 토벌자의 쌍검","균열의 군주 / 시간왕 크로노스","일일 10%; 주간 25% × 레벨 50%; 직업 20%; 부위 1/9"
"180","도적","투구","180레벨 토벌자의 은신두건","균열의 군주 / 시간왕 크로노스","일일 10%; 주간 25% × 레벨 50%; 직업 20%; 부위 1/9"
"180","도적","갑옷","180레벨 토벌자의 암살자재킷","균열의 군주 / 시간왕 크로노스","일일 10%; 주간 25% × 레벨 50%; 직업 20%; 부위 1/9"
"180","도적","바지","180레벨 토벌자의 잠행바지","균열의 군주 / 시간왕 크로노스","일일 10%; 주간 25% × 레벨 50%; 직업 20%; 부위 1/9"
"180","도적","장갑","180레벨 토벌자의 그림자장갑","균열의 군주 / 시간왕 크로노스","일일 10%; 주간 25% × 레벨 50%; 직업 20%; 부위 1/9"
"180","도적","신발","180레벨 토벌자의 무음신발","균열의 군주 / 시간왕 크로노스","일일 10%; 주간 25% × 레벨 50%; 직업 20%; 부위 1/9"
"180","도적","반지","180레벨 토벌자의 암호반지","균열의 군주 / 시간왕 크로노스","일일 10%; 주간 25% × 레벨 50%; 직업 20%; 부위 1/9"
"180","도적","귀걸이","180레벨 토벌자의 침묵귀걸이","균열의 군주 / 시간왕 크로노스","일일 10%; 주간 25% × 레벨 50%; 직업 20%; 부위 1/9"
"180","도적","펜던트","180레벨 토벌자의 비밀부적","균열의 군주 / 시간왕 크로노스","일일 10%; 주간 25% × 레벨 50%; 직업 20%; 부위 1/9"
"190","도적","무기","190레벨 토벌자의 쌍검","심연 기사 / 멸신왕 벨제리온","일일 10%; 주간 25% × 레벨 50%; 직업 20%; 부위 1/9"
"190","도적","투구","190레벨 토벌자의 은신두건","심연 기사 / 멸신왕 벨제리온","일일 10%; 주간 25% × 레벨 50%; 직업 20%; 부위 1/9"
"190","도적","갑옷","190레벨 토벌자의 암살자재킷","심연 기사 / 멸신왕 벨제리온","일일 10%; 주간 25% × 레벨 50%; 직업 20%; 부위 1/9"
"190","도적","바지","190레벨 토벌자의 잠행바지","심연 기사 / 멸신왕 벨제리온","일일 10%; 주간 25% × 레벨 50%; 직업 20%; 부위 1/9"
"190","도적","장갑","190레벨 토벌자의 그림자장갑","심연 기사 / 멸신왕 벨제리온","일일 10%; 주간 25% × 레벨 50%; 직업 20%; 부위 1/9"
"190","도적","신발","190레벨 토벌자의 무음신발","심연 기사 / 멸신왕 벨제리온","일일 10%; 주간 25% × 레벨 50%; 직업 20%; 부위 1/9"
"190","도적","반지","190레벨 토벌자의 암호반지","심연 기사 / 멸신왕 벨제리온","일일 10%; 주간 25% × 레벨 50%; 직업 20%; 부위 1/9"
"190","도적","귀걸이","190레벨 토벌자의 침묵귀걸이","심연 기사 / 멸신왕 벨제리온","일일 10%; 주간 25% × 레벨 50%; 직업 20%; 부위 1/9"
"190","도적","펜던트","190레벨 토벌자의 비밀부적","심연 기사 / 멸신왕 벨제리온","일일 10%; 주간 25% × 레벨 50%; 직업 20%; 부위 1/9"
"200","도적","무기","200레벨 토벌자의 쌍검","공허 포식자 / 멸신왕 벨제리온","일일 10%; 주간 25% × 레벨 50%; 직업 20%; 부위 1/9"
"200","도적","투구","200레벨 토벌자의 은신두건","공허 포식자 / 멸신왕 벨제리온","일일 10%; 주간 25% × 레벨 50%; 직업 20%; 부위 1/9"
"200","도적","갑옷","200레벨 토벌자의 암살자재킷","공허 포식자 / 멸신왕 벨제리온","일일 10%; 주간 25% × 레벨 50%; 직업 20%; 부위 1/9"
"200","도적","바지","200레벨 토벌자의 잠행바지","공허 포식자 / 멸신왕 벨제리온","일일 10%; 주간 25% × 레벨 50%; 직업 20%; 부위 1/9"
"200","도적","장갑","200레벨 토벌자의 그림자장갑","공허 포식자 / 멸신왕 벨제리온","일일 10%; 주간 25% × 레벨 50%; 직업 20%; 부위 1/9"
"200","도적","신발","200레벨 토벌자의 무음신발","공허 포식자 / 멸신왕 벨제리온","일일 10%; 주간 25% × 레벨 50%; 직업 20%; 부위 1/9"
"200","도적","반지","200레벨 토벌자의 암호반지","공허 포식자 / 멸신왕 벨제리온","일일 10%; 주간 25% × 레벨 50%; 직업 20%; 부위 1/9"
"200","도적","귀걸이","200레벨 토벌자의 침묵귀걸이","공허 포식자 / 멸신왕 벨제리온","일일 10%; 주간 25% × 레벨 50%; 직업 20%; 부위 1/9"
"200","도적","펜던트","200레벨 토벌자의 비밀부적","공허 포식자 / 멸신왕 벨제리온","일일 10%; 주간 25% × 레벨 50%; 직업 20%; 부위 1/9"
"10","해적","무기","10레벨 토벌자의 휴대대포","초목왕 모루 / 들판의 군주","일일 10%; 주간 25% × 레벨 50%; 직업 20%; 부위 1/9"
"10","해적","투구","10레벨 토벌자의 선장모자","초목왕 모루 / 들판의 군주","일일 10%; 주간 25% × 레벨 50%; 직업 20%; 부위 1/9"
"10","해적","갑옷","10레벨 토벌자의 항해외투","초목왕 모루 / 들판의 군주","일일 10%; 주간 25% × 레벨 50%; 직업 20%; 부위 1/9"
"10","해적","바지","10레벨 토벌자의 갑판바지","초목왕 모루 / 들판의 군주","일일 10%; 주간 25% × 레벨 50%; 직업 20%; 부위 1/9"
"10","해적","장갑","10레벨 토벌자의 선원장갑","초목왕 모루 / 들판의 군주","일일 10%; 주간 25% × 레벨 50%; 직업 20%; 부위 1/9"
"10","해적","신발","10레벨 토벌자의 항해장화","초목왕 모루 / 들판의 군주","일일 10%; 주간 25% × 레벨 50%; 직업 20%; 부위 1/9"
"10","해적","반지","10레벨 토벌자의 닻반지","초목왕 모루 / 들판의 군주","일일 10%; 주간 25% × 레벨 50%; 직업 20%; 부위 1/9"
"10","해적","귀걸이","10레벨 토벌자의 나침귀걸이","초목왕 모루 / 들판의 군주","일일 10%; 주간 25% × 레벨 50%; 직업 20%; 부위 1/9"
"10","해적","펜던트","10레벨 토벌자의 해도목걸이","초목왕 모루 / 들판의 군주","일일 10%; 주간 25% × 레벨 50%; 직업 20%; 부위 1/9"
"20","해적","무기","20레벨 토벌자의 휴대대포","거목 수호자 / 들판의 군주","일일 10%; 주간 25% × 레벨 50%; 직업 20%; 부위 1/9"
"20","해적","투구","20레벨 토벌자의 선장모자","거목 수호자 / 들판의 군주","일일 10%; 주간 25% × 레벨 50%; 직업 20%; 부위 1/9"
"20","해적","갑옷","20레벨 토벌자의 항해외투","거목 수호자 / 들판의 군주","일일 10%; 주간 25% × 레벨 50%; 직업 20%; 부위 1/9"
"20","해적","바지","20레벨 토벌자의 갑판바지","거목 수호자 / 들판의 군주","일일 10%; 주간 25% × 레벨 50%; 직업 20%; 부위 1/9"
"20","해적","장갑","20레벨 토벌자의 선원장갑","거목 수호자 / 들판의 군주","일일 10%; 주간 25% × 레벨 50%; 직업 20%; 부위 1/9"
"20","해적","신발","20레벨 토벌자의 항해장화","거목 수호자 / 들판의 군주","일일 10%; 주간 25% × 레벨 50%; 직업 20%; 부위 1/9"
"20","해적","반지","20레벨 토벌자의 닻반지","거목 수호자 / 들판의 군주","일일 10%; 주간 25% × 레벨 50%; 직업 20%; 부위 1/9"
"20","해적","귀걸이","20레벨 토벌자의 나침귀걸이","거목 수호자 / 들판의 군주","일일 10%; 주간 25% × 레벨 50%; 직업 20%; 부위 1/9"
"20","해적","펜던트","20레벨 토벌자의 해도목걸이","거목 수호자 / 들판의 군주","일일 10%; 주간 25% × 레벨 50%; 직업 20%; 부위 1/9"
"30","해적","무기","30레벨 토벌자의 휴대대포","달그림자 루엔 / 월광 사슴왕","일일 10%; 주간 25% × 레벨 50%; 직업 20%; 부위 1/9"
"30","해적","투구","30레벨 토벌자의 선장모자","달그림자 루엔 / 월광 사슴왕","일일 10%; 주간 25% × 레벨 50%; 직업 20%; 부위 1/9"
"30","해적","갑옷","30레벨 토벌자의 항해외투","달그림자 루엔 / 월광 사슴왕","일일 10%; 주간 25% × 레벨 50%; 직업 20%; 부위 1/9"
"30","해적","바지","30레벨 토벌자의 갑판바지","달그림자 루엔 / 월광 사슴왕","일일 10%; 주간 25% × 레벨 50%; 직업 20%; 부위 1/9"
"30","해적","장갑","30레벨 토벌자의 선원장갑","달그림자 루엔 / 월광 사슴왕","일일 10%; 주간 25% × 레벨 50%; 직업 20%; 부위 1/9"
"30","해적","신발","30레벨 토벌자의 항해장화","달그림자 루엔 / 월광 사슴왕","일일 10%; 주간 25% × 레벨 50%; 직업 20%; 부위 1/9"
"30","해적","반지","30레벨 토벌자의 닻반지","달그림자 루엔 / 월광 사슴왕","일일 10%; 주간 25% × 레벨 50%; 직업 20%; 부위 1/9"
"30","해적","귀걸이","30레벨 토벌자의 나침귀걸이","달그림자 루엔 / 월광 사슴왕","일일 10%; 주간 25% × 레벨 50%; 직업 20%; 부위 1/9"
"30","해적","펜던트","30레벨 토벌자의 해도목걸이","달그림자 루엔 / 월광 사슴왕","일일 10%; 주간 25% × 레벨 50%; 직업 20%; 부위 1/9"
"40","해적","무기","40레벨 토벌자의 휴대대포","고목왕 아르벨 / 월광 사슴왕","일일 10%; 주간 25% × 레벨 50%; 직업 20%; 부위 1/9"
"40","해적","투구","40레벨 토벌자의 선장모자","고목왕 아르벨 / 월광 사슴왕","일일 10%; 주간 25% × 레벨 50%; 직업 20%; 부위 1/9"
"40","해적","갑옷","40레벨 토벌자의 항해외투","고목왕 아르벨 / 월광 사슴왕","일일 10%; 주간 25% × 레벨 50%; 직업 20%; 부위 1/9"
"40","해적","바지","40레벨 토벌자의 갑판바지","고목왕 아르벨 / 월광 사슴왕","일일 10%; 주간 25% × 레벨 50%; 직업 20%; 부위 1/9"
"40","해적","장갑","40레벨 토벌자의 선원장갑","고목왕 아르벨 / 월광 사슴왕","일일 10%; 주간 25% × 레벨 50%; 직업 20%; 부위 1/9"
"40","해적","신발","40레벨 토벌자의 항해장화","고목왕 아르벨 / 월광 사슴왕","일일 10%; 주간 25% × 레벨 50%; 직업 20%; 부위 1/9"
"40","해적","반지","40레벨 토벌자의 닻반지","고목왕 아르벨 / 월광 사슴왕","일일 10%; 주간 25% × 레벨 50%; 직업 20%; 부위 1/9"
"40","해적","귀걸이","40레벨 토벌자의 나침귀걸이","고목왕 아르벨 / 월광 사슴왕","일일 10%; 주간 25% × 레벨 50%; 직업 20%; 부위 1/9"
"40","해적","펜던트","40레벨 토벌자의 해도목걸이","고목왕 아르벨 / 월광 사슴왕","일일 10%; 주간 25% × 레벨 50%; 직업 20%; 부위 1/9"
"50","해적","무기","50레벨 토벌자의 휴대대포","강철 거인 / 광산왕 크로투스","일일 10%; 주간 25% × 레벨 50%; 직업 20%; 부위 1/9"
"50","해적","투구","50레벨 토벌자의 선장모자","강철 거인 / 광산왕 크로투스","일일 10%; 주간 25% × 레벨 50%; 직업 20%; 부위 1/9"
"50","해적","갑옷","50레벨 토벌자의 항해외투","강철 거인 / 광산왕 크로투스","일일 10%; 주간 25% × 레벨 50%; 직업 20%; 부위 1/9"
"50","해적","바지","50레벨 토벌자의 갑판바지","강철 거인 / 광산왕 크로투스","일일 10%; 주간 25% × 레벨 50%; 직업 20%; 부위 1/9"
"50","해적","장갑","50레벨 토벌자의 선원장갑","강철 거인 / 광산왕 크로투스","일일 10%; 주간 25% × 레벨 50%; 직업 20%; 부위 1/9"
"50","해적","신발","50레벨 토벌자의 항해장화","강철 거인 / 광산왕 크로투스","일일 10%; 주간 25% × 레벨 50%; 직업 20%; 부위 1/9"
"50","해적","반지","50레벨 토벌자의 닻반지","강철 거인 / 광산왕 크로투스","일일 10%; 주간 25% × 레벨 50%; 직업 20%; 부위 1/9"
"50","해적","귀걸이","50레벨 토벌자의 나침귀걸이","강철 거인 / 광산왕 크로투스","일일 10%; 주간 25% × 레벨 50%; 직업 20%; 부위 1/9"
"50","해적","펜던트","50레벨 토벌자의 해도목걸이","강철 거인 / 광산왕 크로투스","일일 10%; 주간 25% × 레벨 50%; 직업 20%; 부위 1/9"
"60","해적","무기","60레벨 토벌자의 휴대대포","수정 포식자 / 광산왕 크로투스","일일 10%; 주간 25% × 레벨 50%; 직업 20%; 부위 1/9"
"60","해적","투구","60레벨 토벌자의 선장모자","수정 포식자 / 광산왕 크로투스","일일 10%; 주간 25% × 레벨 50%; 직업 20%; 부위 1/9"
"60","해적","갑옷","60레벨 토벌자의 항해외투","수정 포식자 / 광산왕 크로투스","일일 10%; 주간 25% × 레벨 50%; 직업 20%; 부위 1/9"
"60","해적","바지","60레벨 토벌자의 갑판바지","수정 포식자 / 광산왕 크로투스","일일 10%; 주간 25% × 레벨 50%; 직업 20%; 부위 1/9"
"60","해적","장갑","60레벨 토벌자의 선원장갑","수정 포식자 / 광산왕 크로투스","일일 10%; 주간 25% × 레벨 50%; 직업 20%; 부위 1/9"
"60","해적","신발","60레벨 토벌자의 항해장화","수정 포식자 / 광산왕 크로투스","일일 10%; 주간 25% × 레벨 50%; 직업 20%; 부위 1/9"
"60","해적","반지","60레벨 토벌자의 닻반지","수정 포식자 / 광산왕 크로투스","일일 10%; 주간 25% × 레벨 50%; 직업 20%; 부위 1/9"
"60","해적","귀걸이","60레벨 토벌자의 나침귀걸이","수정 포식자 / 광산왕 크로투스","일일 10%; 주간 25% × 레벨 50%; 직업 20%; 부위 1/9"
"60","해적","펜던트","60레벨 토벌자의 해도목걸이","수정 포식자 / 광산왕 크로투스","일일 10%; 주간 25% × 레벨 50%; 직업 20%; 부위 1/9"
"70","해적","무기","70레벨 토벌자의 휴대대포","화염 사냥개 / 재의 군주","일일 10%; 주간 25% × 레벨 50%; 직업 20%; 부위 1/9"
"70","해적","투구","70레벨 토벌자의 선장모자","화염 사냥개 / 재의 군주","일일 10%; 주간 25% × 레벨 50%; 직업 20%; 부위 1/9"
"70","해적","갑옷","70레벨 토벌자의 항해외투","화염 사냥개 / 재의 군주","일일 10%; 주간 25% × 레벨 50%; 직업 20%; 부위 1/9"
"70","해적","바지","70레벨 토벌자의 갑판바지","화염 사냥개 / 재의 군주","일일 10%; 주간 25% × 레벨 50%; 직업 20%; 부위 1/9"
"70","해적","장갑","70레벨 토벌자의 선원장갑","화염 사냥개 / 재의 군주","일일 10%; 주간 25% × 레벨 50%; 직업 20%; 부위 1/9"
"70","해적","신발","70레벨 토벌자의 항해장화","화염 사냥개 / 재의 군주","일일 10%; 주간 25% × 레벨 50%; 직업 20%; 부위 1/9"
"70","해적","반지","70레벨 토벌자의 닻반지","화염 사냥개 / 재의 군주","일일 10%; 주간 25% × 레벨 50%; 직업 20%; 부위 1/9"
"70","해적","귀걸이","70레벨 토벌자의 나침귀걸이","화염 사냥개 / 재의 군주","일일 10%; 주간 25% × 레벨 50%; 직업 20%; 부위 1/9"
"70","해적","펜던트","70레벨 토벌자의 해도목걸이","화염 사냥개 / 재의 군주","일일 10%; 주간 25% × 레벨 50%; 직업 20%; 부위 1/9"
"80","해적","무기","80레벨 토벌자의 휴대대포","용암 거신 / 재의 군주","일일 10%; 주간 25% × 레벨 50%; 직업 20%; 부위 1/9"
"80","해적","투구","80레벨 토벌자의 선장모자","용암 거신 / 재의 군주","일일 10%; 주간 25% × 레벨 50%; 직업 20%; 부위 1/9"
"80","해적","갑옷","80레벨 토벌자의 항해외투","용암 거신 / 재의 군주","일일 10%; 주간 25% × 레벨 50%; 직업 20%; 부위 1/9"
"80","해적","바지","80레벨 토벌자의 갑판바지","용암 거신 / 재의 군주","일일 10%; 주간 25% × 레벨 50%; 직업 20%; 부위 1/9"
"80","해적","장갑","80레벨 토벌자의 선원장갑","용암 거신 / 재의 군주","일일 10%; 주간 25% × 레벨 50%; 직업 20%; 부위 1/9"
"80","해적","신발","80레벨 토벌자의 항해장화","용암 거신 / 재의 군주","일일 10%; 주간 25% × 레벨 50%; 직업 20%; 부위 1/9"
"80","해적","반지","80레벨 토벌자의 닻반지","용암 거신 / 재의 군주","일일 10%; 주간 25% × 레벨 50%; 직업 20%; 부위 1/9"
"80","해적","귀걸이","80레벨 토벌자의 나침귀걸이","용암 거신 / 재의 군주","일일 10%; 주간 25% × 레벨 50%; 직업 20%; 부위 1/9"
"80","해적","펜던트","80레벨 토벌자의 해도목걸이","용암 거신 / 재의 군주","일일 10%; 주간 25% × 레벨 50%; 직업 20%; 부위 1/9"
"90","해적","무기","90레벨 토벌자의 휴대대포","유령 기사 / 불멸의 왕","일일 10%; 주간 25% × 레벨 50%; 직업 20%; 부위 1/9"
"90","해적","투구","90레벨 토벌자의 선장모자","유령 기사 / 불멸의 왕","일일 10%; 주간 25% × 레벨 50%; 직업 20%; 부위 1/9"
"90","해적","갑옷","90레벨 토벌자의 항해외투","유령 기사 / 불멸의 왕","일일 10%; 주간 25% × 레벨 50%; 직업 20%; 부위 1/9"
"90","해적","바지","90레벨 토벌자의 갑판바지","유령 기사 / 불멸의 왕","일일 10%; 주간 25% × 레벨 50%; 직업 20%; 부위 1/9"
"90","해적","장갑","90레벨 토벌자의 선원장갑","유령 기사 / 불멸의 왕","일일 10%; 주간 25% × 레벨 50%; 직업 20%; 부위 1/9"
"90","해적","신발","90레벨 토벌자의 항해장화","유령 기사 / 불멸의 왕","일일 10%; 주간 25% × 레벨 50%; 직업 20%; 부위 1/9"
"90","해적","반지","90레벨 토벌자의 닻반지","유령 기사 / 불멸의 왕","일일 10%; 주간 25% × 레벨 50%; 직업 20%; 부위 1/9"
"90","해적","귀걸이","90레벨 토벌자의 나침귀걸이","유령 기사 / 불멸의 왕","일일 10%; 주간 25% × 레벨 50%; 직업 20%; 부위 1/9"
"90","해적","펜던트","90레벨 토벌자의 해도목걸이","유령 기사 / 불멸의 왕","일일 10%; 주간 25% × 레벨 50%; 직업 20%; 부위 1/9"
"100","해적","무기","100레벨 토벌자의 휴대대포","망령 여왕 / 불멸의 왕","일일 10%; 주간 25% × 레벨 50%; 직업 20%; 부위 1/9"
"100","해적","투구","100레벨 토벌자의 선장모자","망령 여왕 / 불멸의 왕","일일 10%; 주간 25% × 레벨 50%; 직업 20%; 부위 1/9"
"100","해적","갑옷","100레벨 토벌자의 항해외투","망령 여왕 / 불멸의 왕","일일 10%; 주간 25% × 레벨 50%; 직업 20%; 부위 1/9"
"100","해적","바지","100레벨 토벌자의 갑판바지","망령 여왕 / 불멸의 왕","일일 10%; 주간 25% × 레벨 50%; 직업 20%; 부위 1/9"
"100","해적","장갑","100레벨 토벌자의 선원장갑","망령 여왕 / 불멸의 왕","일일 10%; 주간 25% × 레벨 50%; 직업 20%; 부위 1/9"
"100","해적","신발","100레벨 토벌자의 항해장화","망령 여왕 / 불멸의 왕","일일 10%; 주간 25% × 레벨 50%; 직업 20%; 부위 1/9"
"100","해적","반지","100레벨 토벌자의 닻반지","망령 여왕 / 불멸의 왕","일일 10%; 주간 25% × 레벨 50%; 직업 20%; 부위 1/9"
"100","해적","귀걸이","100레벨 토벌자의 나침귀걸이","망령 여왕 / 불멸의 왕","일일 10%; 주간 25% × 레벨 50%; 직업 20%; 부위 1/9"
"100","해적","펜던트","100레벨 토벌자의 해도목걸이","망령 여왕 / 불멸의 왕","일일 10%; 주간 25% × 레벨 50%; 직업 20%; 부위 1/9"
"110","해적","무기","110레벨 토벌자의 휴대대포","설원 포식자 / 빙룡 이스라","일일 10%; 주간 25% × 레벨 50%; 직업 20%; 부위 1/9"
"110","해적","투구","110레벨 토벌자의 선장모자","설원 포식자 / 빙룡 이스라","일일 10%; 주간 25% × 레벨 50%; 직업 20%; 부위 1/9"
"110","해적","갑옷","110레벨 토벌자의 항해외투","설원 포식자 / 빙룡 이스라","일일 10%; 주간 25% × 레벨 50%; 직업 20%; 부위 1/9"
"110","해적","바지","110레벨 토벌자의 갑판바지","설원 포식자 / 빙룡 이스라","일일 10%; 주간 25% × 레벨 50%; 직업 20%; 부위 1/9"
"110","해적","장갑","110레벨 토벌자의 선원장갑","설원 포식자 / 빙룡 이스라","일일 10%; 주간 25% × 레벨 50%; 직업 20%; 부위 1/9"
"110","해적","신발","110레벨 토벌자의 항해장화","설원 포식자 / 빙룡 이스라","일일 10%; 주간 25% × 레벨 50%; 직업 20%; 부위 1/9"
"110","해적","반지","110레벨 토벌자의 닻반지","설원 포식자 / 빙룡 이스라","일일 10%; 주간 25% × 레벨 50%; 직업 20%; 부위 1/9"
"110","해적","귀걸이","110레벨 토벌자의 나침귀걸이","설원 포식자 / 빙룡 이스라","일일 10%; 주간 25% × 레벨 50%; 직업 20%; 부위 1/9"
"110","해적","펜던트","110레벨 토벌자의 해도목걸이","설원 포식자 / 빙룡 이스라","일일 10%; 주간 25% × 레벨 50%; 직업 20%; 부위 1/9"
"120","해적","무기","120레벨 토벌자의 휴대대포","빙결 마녀 / 빙룡 이스라","일일 10%; 주간 25% × 레벨 50%; 직업 20%; 부위 1/9"
"120","해적","투구","120레벨 토벌자의 선장모자","빙결 마녀 / 빙룡 이스라","일일 10%; 주간 25% × 레벨 50%; 직업 20%; 부위 1/9"
"120","해적","갑옷","120레벨 토벌자의 항해외투","빙결 마녀 / 빙룡 이스라","일일 10%; 주간 25% × 레벨 50%; 직업 20%; 부위 1/9"
"120","해적","바지","120레벨 토벌자의 갑판바지","빙결 마녀 / 빙룡 이스라","일일 10%; 주간 25% × 레벨 50%; 직업 20%; 부위 1/9"
"120","해적","장갑","120레벨 토벌자의 선원장갑","빙결 마녀 / 빙룡 이스라","일일 10%; 주간 25% × 레벨 50%; 직업 20%; 부위 1/9"
"120","해적","신발","120레벨 토벌자의 항해장화","빙결 마녀 / 빙룡 이스라","일일 10%; 주간 25% × 레벨 50%; 직업 20%; 부위 1/9"
"120","해적","반지","120레벨 토벌자의 닻반지","빙결 마녀 / 빙룡 이스라","일일 10%; 주간 25% × 레벨 50%; 직업 20%; 부위 1/9"
"120","해적","귀걸이","120레벨 토벌자의 나침귀걸이","빙결 마녀 / 빙룡 이스라","일일 10%; 주간 25% × 레벨 50%; 직업 20%; 부위 1/9"
"120","해적","펜던트","120레벨 토벌자의 해도목걸이","빙결 마녀 / 빙룡 이스라","일일 10%; 주간 25% × 레벨 50%; 직업 20%; 부위 1/9"
"130","해적","무기","130레벨 토벌자의 휴대대포","모래 군주 / 사막왕 라칸","일일 10%; 주간 25% × 레벨 50%; 직업 20%; 부위 1/9"
"130","해적","투구","130레벨 토벌자의 선장모자","모래 군주 / 사막왕 라칸","일일 10%; 주간 25% × 레벨 50%; 직업 20%; 부위 1/9"
"130","해적","갑옷","130레벨 토벌자의 항해외투","모래 군주 / 사막왕 라칸","일일 10%; 주간 25% × 레벨 50%; 직업 20%; 부위 1/9"
"130","해적","바지","130레벨 토벌자의 갑판바지","모래 군주 / 사막왕 라칸","일일 10%; 주간 25% × 레벨 50%; 직업 20%; 부위 1/9"
"130","해적","장갑","130레벨 토벌자의 선원장갑","모래 군주 / 사막왕 라칸","일일 10%; 주간 25% × 레벨 50%; 직업 20%; 부위 1/9"
"130","해적","신발","130레벨 토벌자의 항해장화","모래 군주 / 사막왕 라칸","일일 10%; 주간 25% × 레벨 50%; 직업 20%; 부위 1/9"
"130","해적","반지","130레벨 토벌자의 닻반지","모래 군주 / 사막왕 라칸","일일 10%; 주간 25% × 레벨 50%; 직업 20%; 부위 1/9"
"130","해적","귀걸이","130레벨 토벌자의 나침귀걸이","모래 군주 / 사막왕 라칸","일일 10%; 주간 25% × 레벨 50%; 직업 20%; 부위 1/9"
"130","해적","펜던트","130레벨 토벌자의 해도목걸이","모래 군주 / 사막왕 라칸","일일 10%; 주간 25% × 레벨 50%; 직업 20%; 부위 1/9"
"140","해적","무기","140레벨 토벌자의 휴대대포","태양 수호자 / 사막왕 라칸","일일 10%; 주간 25% × 레벨 50%; 직업 20%; 부위 1/9"
"140","해적","투구","140레벨 토벌자의 선장모자","태양 수호자 / 사막왕 라칸","일일 10%; 주간 25% × 레벨 50%; 직업 20%; 부위 1/9"
"140","해적","갑옷","140레벨 토벌자의 항해외투","태양 수호자 / 사막왕 라칸","일일 10%; 주간 25% × 레벨 50%; 직업 20%; 부위 1/9"
"140","해적","바지","140레벨 토벌자의 갑판바지","태양 수호자 / 사막왕 라칸","일일 10%; 주간 25% × 레벨 50%; 직업 20%; 부위 1/9"
"140","해적","장갑","140레벨 토벌자의 선원장갑","태양 수호자 / 사막왕 라칸","일일 10%; 주간 25% × 레벨 50%; 직업 20%; 부위 1/9"
"140","해적","신발","140레벨 토벌자의 항해장화","태양 수호자 / 사막왕 라칸","일일 10%; 주간 25% × 레벨 50%; 직업 20%; 부위 1/9"
"140","해적","반지","140레벨 토벌자의 닻반지","태양 수호자 / 사막왕 라칸","일일 10%; 주간 25% × 레벨 50%; 직업 20%; 부위 1/9"
"140","해적","귀걸이","140레벨 토벌자의 나침귀걸이","태양 수호자 / 사막왕 라칸","일일 10%; 주간 25% × 레벨 50%; 직업 20%; 부위 1/9"
"140","해적","펜던트","140레벨 토벌자의 해도목걸이","태양 수호자 / 사막왕 라칸","일일 10%; 주간 25% × 레벨 50%; 직업 20%; 부위 1/9"
"150","해적","무기","150레벨 토벌자의 휴대대포","타락한 사제 / 성역의 주인","일일 10%; 주간 25% × 레벨 50%; 직업 20%; 부위 1/9"
"150","해적","투구","150레벨 토벌자의 선장모자","타락한 사제 / 성역의 주인","일일 10%; 주간 25% × 레벨 50%; 직업 20%; 부위 1/9"
"150","해적","갑옷","150레벨 토벌자의 항해외투","타락한 사제 / 성역의 주인","일일 10%; 주간 25% × 레벨 50%; 직업 20%; 부위 1/9"
"150","해적","바지","150레벨 토벌자의 갑판바지","타락한 사제 / 성역의 주인","일일 10%; 주간 25% × 레벨 50%; 직업 20%; 부위 1/9"
"150","해적","장갑","150레벨 토벌자의 선원장갑","타락한 사제 / 성역의 주인","일일 10%; 주간 25% × 레벨 50%; 직업 20%; 부위 1/9"
"150","해적","신발","150레벨 토벌자의 항해장화","타락한 사제 / 성역의 주인","일일 10%; 주간 25% × 레벨 50%; 직업 20%; 부위 1/9"
"150","해적","반지","150레벨 토벌자의 닻반지","타락한 사제 / 성역의 주인","일일 10%; 주간 25% × 레벨 50%; 직업 20%; 부위 1/9"
"150","해적","귀걸이","150레벨 토벌자의 나침귀걸이","타락한 사제 / 성역의 주인","일일 10%; 주간 25% × 레벨 50%; 직업 20%; 부위 1/9"
"150","해적","펜던트","150레벨 토벌자의 해도목걸이","타락한 사제 / 성역의 주인","일일 10%; 주간 25% × 레벨 50%; 직업 20%; 부위 1/9"
"160","해적","무기","160레벨 토벌자의 휴대대포","천공 심판자 / 성역의 주인","일일 10%; 주간 25% × 레벨 50%; 직업 20%; 부위 1/9"
"160","해적","투구","160레벨 토벌자의 선장모자","천공 심판자 / 성역의 주인","일일 10%; 주간 25% × 레벨 50%; 직업 20%; 부위 1/9"
"160","해적","갑옷","160레벨 토벌자의 항해외투","천공 심판자 / 성역의 주인","일일 10%; 주간 25% × 레벨 50%; 직업 20%; 부위 1/9"
"160","해적","바지","160레벨 토벌자의 갑판바지","천공 심판자 / 성역의 주인","일일 10%; 주간 25% × 레벨 50%; 직업 20%; 부위 1/9"
"160","해적","장갑","160레벨 토벌자의 선원장갑","천공 심판자 / 성역의 주인","일일 10%; 주간 25% × 레벨 50%; 직업 20%; 부위 1/9"
"160","해적","신발","160레벨 토벌자의 항해장화","천공 심판자 / 성역의 주인","일일 10%; 주간 25% × 레벨 50%; 직업 20%; 부위 1/9"
"160","해적","반지","160레벨 토벌자의 닻반지","천공 심판자 / 성역의 주인","일일 10%; 주간 25% × 레벨 50%; 직업 20%; 부위 1/9"
"160","해적","귀걸이","160레벨 토벌자의 나침귀걸이","천공 심판자 / 성역의 주인","일일 10%; 주간 25% × 레벨 50%; 직업 20%; 부위 1/9"
"160","해적","펜던트","160레벨 토벌자의 해도목걸이","천공 심판자 / 성역의 주인","일일 10%; 주간 25% × 레벨 50%; 직업 20%; 부위 1/9"
"170","해적","무기","170레벨 토벌자의 휴대대포","시계 거인 / 시간왕 크로노스","일일 10%; 주간 25% × 레벨 50%; 직업 20%; 부위 1/9"
"170","해적","투구","170레벨 토벌자의 선장모자","시계 거인 / 시간왕 크로노스","일일 10%; 주간 25% × 레벨 50%; 직업 20%; 부위 1/9"
"170","해적","갑옷","170레벨 토벌자의 항해외투","시계 거인 / 시간왕 크로노스","일일 10%; 주간 25% × 레벨 50%; 직업 20%; 부위 1/9"
"170","해적","바지","170레벨 토벌자의 갑판바지","시계 거인 / 시간왕 크로노스","일일 10%; 주간 25% × 레벨 50%; 직업 20%; 부위 1/9"
"170","해적","장갑","170레벨 토벌자의 선원장갑","시계 거인 / 시간왕 크로노스","일일 10%; 주간 25% × 레벨 50%; 직업 20%; 부위 1/9"
"170","해적","신발","170레벨 토벌자의 항해장화","시계 거인 / 시간왕 크로노스","일일 10%; 주간 25% × 레벨 50%; 직업 20%; 부위 1/9"
"170","해적","반지","170레벨 토벌자의 닻반지","시계 거인 / 시간왕 크로노스","일일 10%; 주간 25% × 레벨 50%; 직업 20%; 부위 1/9"
"170","해적","귀걸이","170레벨 토벌자의 나침귀걸이","시계 거인 / 시간왕 크로노스","일일 10%; 주간 25% × 레벨 50%; 직업 20%; 부위 1/9"
"170","해적","펜던트","170레벨 토벌자의 해도목걸이","시계 거인 / 시간왕 크로노스","일일 10%; 주간 25% × 레벨 50%; 직업 20%; 부위 1/9"
"180","해적","무기","180레벨 토벌자의 휴대대포","균열의 군주 / 시간왕 크로노스","일일 10%; 주간 25% × 레벨 50%; 직업 20%; 부위 1/9"
"180","해적","투구","180레벨 토벌자의 선장모자","균열의 군주 / 시간왕 크로노스","일일 10%; 주간 25% × 레벨 50%; 직업 20%; 부위 1/9"
"180","해적","갑옷","180레벨 토벌자의 항해외투","균열의 군주 / 시간왕 크로노스","일일 10%; 주간 25% × 레벨 50%; 직업 20%; 부위 1/9"
"180","해적","바지","180레벨 토벌자의 갑판바지","균열의 군주 / 시간왕 크로노스","일일 10%; 주간 25% × 레벨 50%; 직업 20%; 부위 1/9"
"180","해적","장갑","180레벨 토벌자의 선원장갑","균열의 군주 / 시간왕 크로노스","일일 10%; 주간 25% × 레벨 50%; 직업 20%; 부위 1/9"
"180","해적","신발","180레벨 토벌자의 항해장화","균열의 군주 / 시간왕 크로노스","일일 10%; 주간 25% × 레벨 50%; 직업 20%; 부위 1/9"
"180","해적","반지","180레벨 토벌자의 닻반지","균열의 군주 / 시간왕 크로노스","일일 10%; 주간 25% × 레벨 50%; 직업 20%; 부위 1/9"
"180","해적","귀걸이","180레벨 토벌자의 나침귀걸이","균열의 군주 / 시간왕 크로노스","일일 10%; 주간 25% × 레벨 50%; 직업 20%; 부위 1/9"
"180","해적","펜던트","180레벨 토벌자의 해도목걸이","균열의 군주 / 시간왕 크로노스","일일 10%; 주간 25% × 레벨 50%; 직업 20%; 부위 1/9"
"190","해적","무기","190레벨 토벌자의 휴대대포","심연 기사 / 멸신왕 벨제리온","일일 10%; 주간 25% × 레벨 50%; 직업 20%; 부위 1/9"
"190","해적","투구","190레벨 토벌자의 선장모자","심연 기사 / 멸신왕 벨제리온","일일 10%; 주간 25% × 레벨 50%; 직업 20%; 부위 1/9"
"190","해적","갑옷","190레벨 토벌자의 항해외투","심연 기사 / 멸신왕 벨제리온","일일 10%; 주간 25% × 레벨 50%; 직업 20%; 부위 1/9"
"190","해적","바지","190레벨 토벌자의 갑판바지","심연 기사 / 멸신왕 벨제리온","일일 10%; 주간 25% × 레벨 50%; 직업 20%; 부위 1/9"
"190","해적","장갑","190레벨 토벌자의 선원장갑","심연 기사 / 멸신왕 벨제리온","일일 10%; 주간 25% × 레벨 50%; 직업 20%; 부위 1/9"
"190","해적","신발","190레벨 토벌자의 항해장화","심연 기사 / 멸신왕 벨제리온","일일 10%; 주간 25% × 레벨 50%; 직업 20%; 부위 1/9"
"190","해적","반지","190레벨 토벌자의 닻반지","심연 기사 / 멸신왕 벨제리온","일일 10%; 주간 25% × 레벨 50%; 직업 20%; 부위 1/9"
"190","해적","귀걸이","190레벨 토벌자의 나침귀걸이","심연 기사 / 멸신왕 벨제리온","일일 10%; 주간 25% × 레벨 50%; 직업 20%; 부위 1/9"
"190","해적","펜던트","190레벨 토벌자의 해도목걸이","심연 기사 / 멸신왕 벨제리온","일일 10%; 주간 25% × 레벨 50%; 직업 20%; 부위 1/9"
"200","해적","무기","200레벨 토벌자의 휴대대포","공허 포식자 / 멸신왕 벨제리온","일일 10%; 주간 25% × 레벨 50%; 직업 20%; 부위 1/9"
"200","해적","투구","200레벨 토벌자의 선장모자","공허 포식자 / 멸신왕 벨제리온","일일 10%; 주간 25% × 레벨 50%; 직업 20%; 부위 1/9"
"200","해적","갑옷","200레벨 토벌자의 항해외투","공허 포식자 / 멸신왕 벨제리온","일일 10%; 주간 25% × 레벨 50%; 직업 20%; 부위 1/9"
"200","해적","바지","200레벨 토벌자의 갑판바지","공허 포식자 / 멸신왕 벨제리온","일일 10%; 주간 25% × 레벨 50%; 직업 20%; 부위 1/9"
"200","해적","장갑","200레벨 토벌자의 선원장갑","공허 포식자 / 멸신왕 벨제리온","일일 10%; 주간 25% × 레벨 50%; 직업 20%; 부위 1/9"
"200","해적","신발","200레벨 토벌자의 항해장화","공허 포식자 / 멸신왕 벨제리온","일일 10%; 주간 25% × 레벨 50%; 직업 20%; 부위 1/9"
"200","해적","반지","200레벨 토벌자의 닻반지","공허 포식자 / 멸신왕 벨제리온","일일 10%; 주간 25% × 레벨 50%; 직업 20%; 부위 1/9"
"200","해적","귀걸이","200레벨 토벌자의 나침귀걸이","공허 포식자 / 멸신왕 벨제리온","일일 10%; 주간 25% × 레벨 50%; 직업 20%; 부위 1/9"
"200","해적","펜던트","200레벨 토벌자의 해도목걸이","공허 포식자 / 멸신왕 벨제리온","일일 10%; 주간 25% × 레벨 50%; 직업 20%; 부위 1/9"